ORDER_ID,AMOUNT,CUSTOMER_ID
ORD0000001,1891,CUS0000001
ORD0000002,2005,CUS0000002
ORD0000003,4239,CUS0000001
ORD0000004,317,CUS0000001
ORD0000005,4697,CUS0000001
ORD0000006,1728,CUS0000003
ORD0000007,4564,CUS0000001
ORD0000008,3536,CUS0000003
ORD0000009,1905,CUS0000009
ORD0000010,3779,CUS0000003
ORD0000011,4927,CUS0000001
ORD0000012,2378,CUS0000002
ORD0000013,153,CUS0000003
ORD0000014,1407,CUS0000001
ORD0000015,3562,CUS0000010
ORD0000016,2887,CUS0000004
ORD0000017,2376,CUS0000002
ORD0000018,1373,CUS0000001
ORD0000019,1863,CUS0000001
ORD0000020,2857,CUS0000007
ORD0000021,937,CUS0000005
ORD0000022,859,CUS0000004
ORD0000023,3212,CUS0000001
ORD0000024,892,CUS0000005
ORD0000025,3040,CUS0000008
ORD0000026,2917,CUS0000001
ORD0000027,2266,CUS0000001
ORD0000028,455,CUS0000001
ORD0000029,3863,CUS0000001
ORD0000030,4492,CUS0000003
ORD0000031,1122,CUS0000008
ORD0000032,3200,CUS0000001
ORD0000033,745,CUS0000001
ORD0000034,4622,CUS0000003
ORD0000035,2501,CUS0000002
ORD0000036,3062,CUS0000001
ORD0000037,4829,CUS0000005
ORD0000038,1675,CUS0000008
ORD0000039,669,CUS0000001
ORD0000040,475,CUS0000002
ORD0000041,1966,CUS0000003
ORD0000042,2470,CUS0000001
ORD0000043,753,CUS0000002
ORD0000044,2007,CUS0000010
ORD0000045,927,CUS0000006
ORD0000046,3213,CUS0000003
ORD0000047,2377,CUS0000001
ORD0000048,3814,CUS0000002
ORD0000049,3088,CUS0000006
ORD0000050,1432,CUS0000003
ORD0000051,3132,CUS0000003
ORD0000052,3010,CUS0000003
ORD0000053,1816,CUS0000003
ORD0000054,2287,CUS0000001
ORD0000055,684,CUS0000003
ORD0000056,1501,CUS0000008
ORD0000057,4475,CUS0000004
ORD0000058,2105,CUS0000005
ORD0000059,1438,CUS0000002
ORD0000060,3886,CUS0000002
ORD0000061,3208,CUS0000002
ORD0000062,2311,CUS0000008
ORD0000063,4662,CUS0000002
ORD0000064,1899,CUS0000005
ORD0000065,2756,CUS0000002
ORD0000066,558,CUS0000001
ORD0000067,1976,CUS0000001
ORD0000068,362,CUS0000005
ORD0000069,2684,CUS0000002
ORD0000070,3386,CUS0000008
ORD0000071,2293,CUS0000001
ORD0000072,642,CUS0000001
ORD0000073,1828,CUS0000001
ORD0000074,4746,CUS0000001
ORD0000075,2677,CUS0000006
ORD0000076,1841,CUS0000001
ORD0000077,4189,CUS0000002
ORD0000078,3341,CUS0000003
ORD0000079,3858,CUS0000001
ORD0000080,1270,CUS0000001
ORD0000081,2269,CUS0000001
ORD0000082,1243,CUS0000001
ORD0000083,2120,CUS0000003
ORD0000084,4698,CUS0000002
ORD0000085,4515,CUS0000001
ORD0000086,2252,CUS0000001
ORD0000087,4888,CUS0000007
ORD0000088,3609,CUS0000002
ORD0000089,4880,CUS0000004
ORD0000090,3371,CUS0000001
ORD0000091,3065,CUS0000001
ORD0000092,1896,CUS0000002
ORD0000093,1233,CUS0000001
ORD0000094,4274,CUS0000001
ORD0000095,4142,CUS0000002
ORD0000096,844,CUS0000001
ORD0000097,485,CUS0000001
ORD0000098,998,CUS0000001
ORD0000099,1352,CUS0000006
ORD0000100,1410,CUS0000001
ORD0000101,3558,CUS0000001
ORD0000102,4985,CUS0000001
ORD0000103,620,CUS0000001
ORD0000104,3252,CUS0000001
ORD0000105,3226,CUS0000002
ORD0000106,4981,CUS0000001
ORD0000107,3934,CUS0000001
ORD0000108,4434,CUS0000001
ORD0000109,2159,CUS0000001
ORD0000110,4632,CUS0000002
ORD0000111,194,CUS0000001
ORD0000112,1038,CUS0000001
ORD0000113,4498,CUS0000001
ORD0000114,2285,CUS0000001
ORD0000115,2886,CUS0000001
ORD0000116,1013,CUS0000004
ORD0000117,2504,CUS0000001
ORD0000118,3661,CUS0000001
ORD0000119,1395,CUS0000005
ORD0000120,3816,CUS0000001
ORD0000121,126,CUS0000001
ORD0000122,2257,CUS0000001
ORD0000123,4200,CUS0000001
ORD0000124,1563,CUS0000005
ORD0000125,4258,CUS0000001
ORD0000126,971,CUS0000001
ORD0000127,2544,CUS0000001
ORD0000128,4258,CUS0000001
ORD0000129,1729,CUS0000003
ORD0000130,1352,CUS0000006
ORD0000131,3163,CUS0000001
ORD0000132,1423,CUS0000001
ORD0000133,4518,CUS0000001
ORD0000134,4444,CUS0000002
ORD0000135,104,CUS0000001
ORD0000136,2755,CUS0000001
ORD0000137,4102,CUS0000002
ORD0000138,259,CUS0000004
ORD0000139,1016,CUS0000003
ORD0000140,3073,CUS0000001
ORD0000141,2619,CUS0000003
ORD0000142,2061,CUS0000005
ORD0000143,574,CUS0000002
ORD0000144,2073,CUS0000007
ORD0000145,4747,CUS0000005
ORD0000146,745,CUS0000001
ORD0000147,801,CUS0000001
ORD0000148,4081,CUS0000001
ORD0000149,666,CUS0000001
ORD0000150,4463,CUS0000001
ORD0000151,1130,CUS0000001
ORD0000152,1151,CUS0000003
ORD0000153,3993,CUS0000001
ORD0000154,4603,CUS0000002
ORD0000155,1452,CUS0000001
ORD0000156,2271,CUS0000009
ORD0000157,4422,CUS0000003
ORD0000158,3566,CUS0000001
ORD0000159,1835,CUS0000001
ORD0000160,4517,CUS0000001
ORD0000161,1747,CUS0000003
ORD0000162,2653,CUS0000001
ORD0000163,3368,CUS0000001
ORD0000164,3159,CUS0000002
ORD0000165,3688,CUS0000001
ORD0000166,4339,CUS0000003
ORD0000167,3798,CUS0000005
ORD0000168,1091,CUS0000010
ORD0000169,2130,CUS0000001
ORD0000170,1940,CUS0000004
ORD0000171,624,CUS0000001
ORD0000172,2869,CUS0000003
ORD0000173,272,CUS0000004
ORD0000174,4919,CUS0000003
ORD0000175,4637,CUS0000002
ORD0000176,1985,CUS0000001
ORD0000177,4920,CUS0000010
ORD0000178,1904,CUS0000002
ORD0000179,158,CUS0000002
ORD0000180,681,CUS0000001
ORD0000181,582,CUS0000001
ORD0000182,1975,CUS0000001
ORD0000183,652,CUS0000010
ORD0000184,357,CUS0000007
ORD0000185,2806,CUS0000001
ORD0000186,680,CUS0000002
ORD0000187,4311,CUS0000001
ORD0000188,2049,CUS0000001
ORD0000189,2381,CUS0000001
ORD0000190,4076,CUS0000001
ORD0000191,1855,CUS0000002
ORD0000192,4517,CUS0000001
ORD0000193,1183,CUS0000001
ORD0000194,4777,CUS0000001
ORD0000195,4820,CUS0000002
ORD0000196,3972,CUS0000002
ORD0000197,2090,CUS0000001
ORD0000198,3974,CUS0000001
ORD0000199,3434,CUS0000001
ORD0000200,1659,CUS0000001
ORD0000201,872,CUS0000001
ORD0000202,894,CUS0000001
ORD0000203,3631,CUS0000001
ORD0000204,3002,CUS0000001
ORD0000205,3569,CUS0000001
ORD0000206,3467,CUS0000003
ORD0000207,3925,CUS0000001
ORD0000208,543,CUS0000001
ORD0000209,906,CUS0000006
ORD0000210,596,CUS0000001
ORD0000211,3398,CUS0000001
ORD0000212,2879,CUS0000008
ORD0000213,995,CUS0000001
ORD0000214,2136,CUS0000001
ORD0000215,1669,CUS0000001
ORD0000216,1658,CUS0000001
ORD0000217,4493,CUS0000002
ORD0000218,3775,CUS0000005
ORD0000219,1248,CUS0000001
ORD0000220,3556,CUS0000003
ORD0000221,1603,CUS0000001
ORD0000222,2381,CUS0000004
ORD0000223,3889,CUS0000002
ORD0000224,2146,CUS0000001
ORD0000225,717,CUS0000002
ORD0000226,3730,CUS0000001
ORD0000227,4608,CUS0000001
ORD0000228,902,CUS0000006
ORD0000229,514,CUS0000001
ORD0000230,4528,CUS0000003
ORD0000231,220,CUS0000001
ORD0000232,864,CUS0000002
ORD0000233,2036,CUS0000006
ORD0000234,1462,CUS0000002
ORD0000235,3429,CUS0000001
ORD0000236,4078,CUS0000003
ORD0000237,4043,CUS0000007
ORD0000238,1851,CUS0000001
ORD0000239,3385,CUS0000002
ORD0000240,580,CUS0000001
ORD0000241,1448,CUS0000003
ORD0000242,3204,CUS0000010
ORD0000243,117,CUS0000001
ORD0000244,3298,CUS0000003
ORD0000245,2272,CUS0000001
ORD0000246,3827,CUS0000001
ORD0000247,2436,CUS0000002
ORD0000248,3565,CUS0000001
ORD0000249,4652,CUS0000005
ORD0000250,4086,CUS0000005
ORD0000251,1368,CUS0000006
ORD0000252,1655,CUS0000009
ORD0000253,2530,CUS0000006
ORD0000254,1883,CUS0000001
ORD0000255,579,CUS0000003
ORD0000256,4844,CUS0000006
ORD0000257,4541,CUS0000001
ORD0000258,599,CUS0000001
ORD0000259,2669,CUS0000007
ORD0000260,568,CUS0000002
ORD0000261,510,CUS0000001
ORD0000262,4885,CUS0000002
ORD0000263,4005,CUS0000003
ORD0000264,4219,CUS0000001
ORD0000265,4450,CUS0000001
ORD0000266,1389,CUS0000002
ORD0000267,565,CUS0000004
ORD0000268,4260,CUS0000003
ORD0000269,756,CUS0000003
ORD0000270,1622,CUS0000001
ORD0000271,661,CUS0000003
ORD0000272,4974,CUS0000005
ORD0000273,656,CUS0000009
ORD0000274,2026,CUS0000001
ORD0000275,3407,CUS0000003
ORD0000276,1082,CUS0000001
ORD0000277,4766,CUS0000004
ORD0000278,2116,CUS0000001
ORD0000279,4842,CUS0000001
ORD0000280,4970,CUS0000001
ORD0000281,425,CUS0000001
ORD0000282,771,CUS0000001
ORD0000283,3534,CUS0000003
ORD0000284,4881,CUS0000005
ORD0000285,4730,CUS0000004
ORD0000286,4382,CUS0000001
ORD0000287,2691,CUS0000003
ORD0000288,2236,CUS0000002
ORD0000289,1773,CUS0000001
ORD0000290,2673,CUS0000001
ORD0000291,2055,CUS0000003
ORD0000292,2275,CUS0000002
ORD0000293,3342,CUS0000001
ORD0000294,1172,CUS0000001
ORD0000295,2557,CUS0000001
ORD0000296,3845,CUS0000001
ORD0000297,2690,CUS0000001
ORD0000298,694,CUS0000006
ORD0000299,176,CUS0000007
ORD0000300,3854,CUS0000001
ORD0000301,4712,CUS0000004
ORD0000302,919,CUS0000002
ORD0000303,700,CUS0000001
ORD0000304,4504,CUS0000004
ORD0000305,1846,CUS0000002
ORD0000306,4244,CUS0000001
ORD0000307,2272,CUS0000001
ORD0000308,1185,CUS0000002
ORD0000309,2959,CUS0000001
ORD0000310,663,CUS0000001
ORD0000311,2101,CUS0000003
ORD0000312,3127,CUS0000002
ORD0000313,2434,CUS0000003
ORD0000314,1392,CUS0000001
ORD0000315,3689,CUS0000002
ORD0000316,4550,CUS0000001
ORD0000317,2578,CUS0000001
ORD0000318,4433,CUS0000004
ORD0000319,164,CUS0000004
ORD0000320,4643,CUS0000001
ORD0000321,2552,CUS0000008
ORD0000322,948,CUS0000001
ORD0000323,1200,CUS0000009
ORD0000324,2266,CUS0000002
ORD0000325,1045,CUS0000009
ORD0000326,976,CUS0000004
ORD0000327,4632,CUS0000004
ORD0000328,1373,CUS0000001
ORD0000329,2331,CUS0000003
ORD0000330,2408,CUS0000001
ORD0000331,1825,CUS0000002
ORD0000332,2908,CUS0000005
ORD0000333,1767,CUS0000002
ORD0000334,2262,CUS0000002
ORD0000335,4240,CUS0000004
ORD0000336,4102,CUS0000001
ORD0000337,2157,CUS0000001
ORD0000338,516,CUS0000002
ORD0000339,856,CUS0000004
ORD0000340,3569,CUS0000003
ORD0000341,2366,CUS0000001
ORD0000342,461,CUS0000001
ORD0000343,129,CUS0000003
ORD0000344,2832,CUS0000001
ORD0000345,1171,CUS0000006
ORD0000346,2245,CUS0000001
ORD0000347,1423,CUS0000001
ORD0000348,3719,CUS0000001
ORD0000349,4619,CUS0000005
ORD0000350,3603,CUS0000001
ORD0000351,4694,CUS0000001
ORD0000352,179,CUS0000003
ORD0000353,1016,CUS0000002
ORD0000354,716,CUS0000001
ORD0000355,1321,CUS0000001
ORD0000356,4569,CUS0000001
ORD0000357,395,CUS0000001
ORD0000358,3124,CUS0000002
ORD0000359,4871,CUS0000001
ORD0000360,4626,CUS0000001
ORD0000361,1313,CUS0000001
ORD0000362,3620,CUS0000006
ORD0000363,1144,CUS0000009
ORD0000364,442,CUS0000001
ORD0000365,2625,CUS0000002
ORD0000366,3087,CUS0000003
ORD0000367,426,CUS0000004
ORD0000368,3031,CUS0000002
ORD0000369,1820,CUS0000001
ORD0000370,2144,CUS0000001
ORD0000371,942,CUS0000004
ORD0000372,2997,CUS0000003
ORD0000373,4686,CUS0000002
ORD0000374,3429,CUS0000001
ORD0000375,1366,CUS0000001
ORD0000376,2039,CUS0000001
ORD0000377,1431,CUS0000001
ORD0000378,1550,CUS0000002
ORD0000379,3477,CUS0000001
ORD0000380,303,CUS0000009
ORD0000381,1569,CUS0000008
ORD0000382,2821,CUS0000001
ORD0000383,3472,CUS0000003
ORD0000384,2132,CUS0000001
ORD0000385,2285,CUS0000003
ORD0000386,1404,CUS0000001
ORD0000387,985,CUS0000001
ORD0000388,3233,CUS0000002
ORD0000389,417,CUS0000001
ORD0000390,3955,CUS0000001
ORD0000391,1922,CUS0000001
ORD0000392,1734,CUS0000001
ORD0000393,3870,CUS0000001
ORD0000394,2964,CUS0000003
ORD0000395,2600,CUS0000002
ORD0000396,1964,CUS0000001
ORD0000397,1926,CUS0000004
ORD0000398,293,CUS0000001
ORD0000399,1682,CUS0000001
ORD0000400,3364,CUS0000002
ORD0000401,2789,CUS0000004
ORD0000402,2382,CUS0000001
ORD0000403,668,CUS0000006
ORD0000404,2386,CUS0000001
ORD0000405,2976,CUS0000001
ORD0000406,4273,CUS0000001
ORD0000407,3374,CUS0000002
ORD0000408,4492,CUS0000001
ORD0000409,2812,CUS0000005
ORD0000410,326,CUS0000001
ORD0000411,1044,CUS0000006
ORD0000412,2239,CUS0000004
ORD0000413,1562,CUS0000001
ORD0000414,4856,CUS0000001
ORD0000415,2274,CUS0000001
ORD0000416,413,CUS0000001
ORD0000417,988,CUS0000008
ORD0000418,4987,CUS0000001
ORD0000419,3659,CUS0000002
ORD0000420,2931,CUS0000001
ORD0000421,2669,CUS0000007
ORD0000422,3674,CUS0000007
ORD0000423,4289,CUS0000006
ORD0000424,1047,CUS0000002
ORD0000425,3255,CUS0000001
ORD0000426,4823,CUS0000002
ORD0000427,1657,CUS0000002
ORD0000428,2186,CUS0000003
ORD0000429,463,CUS0000001
ORD0000430,3672,CUS0000002
ORD0000431,113,CUS0000001
ORD0000432,4359,CUS0000004
ORD0000433,4510,CUS0000001
ORD0000434,1714,CUS0000001
ORD0000435,3083,CUS0000006
ORD0000436,3633,CUS0000002
ORD0000437,673,CUS0000007
ORD0000438,2804,CUS0000004
ORD0000439,2671,CUS0000003
ORD0000440,1120,CUS0000001
ORD0000441,2560,CUS0000001
ORD0000442,4254,CUS0000007
ORD0000443,2633,CUS0000001
ORD0000444,3445,CUS0000002
ORD0000445,2772,CUS0000001
ORD0000446,3396,CUS0000001
ORD0000447,2522,CUS0000003
ORD0000448,4641,CUS0000004
ORD0000449,1142,CUS0000001
ORD0000450,1671,CUS0000001
ORD0000451,3544,CUS0000002
ORD0000452,3205,CUS0000008
ORD0000453,1525,CUS0000001
ORD0000454,4762,CUS0000001
ORD0000455,2565,CUS0000010
ORD0000456,3426,CUS0000001
ORD0000457,4588,CUS0000001
ORD0000458,103,CUS0000001
ORD0000459,2589,CUS0000001
ORD0000460,2450,CUS0000003
ORD0000461,1821,CUS0000001
ORD0000462,3621,CUS0000004
ORD0000463,4851,CUS0000001
ORD0000464,2739,CUS0000004
ORD0000465,3909,CUS0000002
ORD0000466,3719,CUS0000001
ORD0000467,3722,CUS0000001
ORD0000468,1850,CUS0000001
ORD0000469,4287,CUS0000002
ORD0000470,3976,CUS0000002
ORD0000471,1490,CUS0000004
ORD0000472,794,CUS0000001
ORD0000473,2424,CUS0000002
ORD0000474,4322,CUS0000001
ORD0000475,2845,CUS0000002
ORD0000476,865,CUS0000003
ORD0000477,2024,CUS0000003
ORD0000478,2642,CUS0000003
ORD0000479,1940,CUS0000001
ORD0000480,1731,CUS0000001
ORD0000481,1307,CUS0000010
ORD0000482,300,CUS0000001
ORD0000483,478,CUS0000002
ORD0000484,2105,CUS0000008
ORD0000485,3992,CUS0000007
ORD0000486,696,CUS0000001
ORD0000487,3830,CUS0000001
ORD0000488,3495,CUS0000005
ORD0000489,4815,CUS0000005
ORD0000490,1692,CUS0000004
ORD0000491,3245,CUS0000001
ORD0000492,4149,CUS0000001
ORD0000493,3373,CUS0000005
ORD0000494,2098,CUS0000009
ORD0000495,1308,CUS0000006
ORD0000496,145,CUS0000001
ORD0000497,973,CUS0000004
ORD0000498,3582,CUS0000001
ORD0000499,1892,CUS0000001
ORD0000500,1540,CUS0000008
ORD0000501,4343,CUS0000003
ORD0000502,3905,CUS0000001
ORD0000503,511,CUS0000001
ORD0000504,4666,CUS0000008
ORD0000505,2141,CUS0000001
ORD0000506,1094,CUS0000003
ORD0000507,3839,CUS0000002
ORD0000508,1192,CUS0000001
ORD0000509,3906,CUS0000004
ORD0000510,4451,CUS0000005
ORD0000511,4678,CUS0000001
ORD0000512,4977,CUS0000001
ORD0000513,2699,CUS0000001
ORD0000514,3725,CUS0000001
ORD0000515,4235,CUS0000002
ORD0000516,3595,CUS0000004
ORD0000517,4588,CUS0000001
ORD0000518,3752,CUS0000001
ORD0000519,1403,CUS0000003
ORD0000520,3988,CUS0000003
ORD0000521,3786,CUS0000003
ORD0000522,2223,CUS0000001
ORD0000523,2125,CUS0000001
ORD0000524,2371,CUS0000001
ORD0000525,4370,CUS0000004
ORD0000526,4069,CUS0000003
ORD0000527,2059,CUS0000001
ORD0000528,2349,CUS0000001
ORD0000529,3703,CUS0000005
ORD0000530,734,CUS0000001
ORD0000531,2440,CUS0000003
ORD0000532,2020,CUS0000002
ORD0000533,2325,CUS0000001
ORD0000534,2851,CUS0000004
ORD0000535,2719,CUS0000003
ORD0000536,4524,CUS0000005
ORD0000537,760,CUS0000002
ORD0000538,1233,CUS0000004
ORD0000539,1335,CUS0000007
ORD0000540,1994,CUS0000002
ORD0000541,3237,CUS0000003
ORD0000542,1351,CUS0000001
ORD0000543,1852,CUS0000001
ORD0000544,626,CUS0000009
ORD0000545,3498,CUS0000002
ORD0000546,3439,CUS0000009
ORD0000547,2810,CUS0000001
ORD0000548,4545,CUS0000001
ORD0000549,3916,CUS0000002
ORD0000550,3506,CUS0000001
ORD0000551,610,CUS0000001
ORD0000552,1794,CUS0000003
ORD0000553,3541,CUS0000002
ORD0000554,3290,CUS0000005
ORD0000555,4884,CUS0000004
ORD0000556,260,CUS0000001
ORD0000557,4816,CUS0000001
ORD0000558,3216,CUS0000002
ORD0000559,4007,CUS0000004
ORD0000560,148,CUS0000001
ORD0000561,2981,CUS0000004
ORD0000562,2546,CUS0000002
ORD0000563,3294,CUS0000001
ORD0000564,3532,CUS0000001
ORD0000565,4509,CUS0000001
ORD0000566,4573,CUS0000002
ORD0000567,1906,CUS0000005
ORD0000568,4099,CUS0000001
ORD0000569,1897,CUS0000001
ORD0000570,2335,CUS0000002
ORD0000571,3670,CUS0000001
ORD0000572,4078,CUS0000002
ORD0000573,337,CUS0000003
ORD0000574,3285,CUS0000001
ORD0000575,2853,CUS0000002
ORD0000576,3412,CUS0000002
ORD0000577,1452,CUS0000001
ORD0000578,3928,CUS0000001
ORD0000579,1145,CUS0000009
ORD0000580,4475,CUS0000002
ORD0000581,320,CUS0000002
ORD0000582,3327,CUS0000004
ORD0000583,4948,CUS0000001
ORD0000584,4723,CUS0000001
ORD0000585,322,CUS0000008
ORD0000586,787,CUS0000001
ORD0000587,3611,CUS0000001
ORD0000588,1211,CUS0000001
ORD0000589,3882,CUS0000001
ORD0000590,1588,CUS0000001
ORD0000591,511,CUS0000003
ORD0000592,2231,CUS0000003
ORD0000593,3205,CUS0000009
ORD0000594,2781,CUS0000003
ORD0000595,1833,CUS0000001
ORD0000596,3824,CUS0000001
ORD0000597,2777,CUS0000003
ORD0000598,2864,CUS0000001
ORD0000599,3205,CUS0000004
ORD0000600,2379,CUS0000001
ORD0000601,3553,CUS0000002
ORD0000602,2166,CUS0000001
ORD0000603,770,CUS0000002
ORD0000604,3952,CUS0000005
ORD0000605,258,CUS0000001
ORD0000606,4518,CUS0000001
ORD0000607,526,CUS0000001
ORD0000608,2966,CUS0000006
ORD0000609,1936,CUS0000001
ORD0000610,662,CUS0000003
ORD0000611,429,CUS0000006
ORD0000612,354,CUS0000004
ORD0000613,2125,CUS0000002
ORD0000614,1733,CUS0000003
ORD0000615,266,CUS0000001
ORD0000616,1348,CUS0000008
ORD0000617,2054,CUS0000002
ORD0000618,1134,CUS0000003
ORD0000619,3979,CUS0000002
ORD0000620,1037,CUS0000007
ORD0000621,4720,CUS0000001
ORD0000622,1885,CUS0000004
ORD0000623,3909,CUS0000001
ORD0000624,2199,CUS0000001
ORD0000625,3121,CUS0000005
ORD0000626,1474,CUS0000001
ORD0000627,1038,CUS0000006
ORD0000628,1441,CUS0000003
ORD0000629,2648,CUS0000001
ORD0000630,985,CUS0000001
ORD0000631,4840,CUS0000002
ORD0000632,310,CUS0000001
ORD0000633,2655,CUS0000001
ORD0000634,4816,CUS0000002
ORD0000635,3174,CUS0000001
ORD0000636,3349,CUS0000004
ORD0000637,1724,CUS0000001
ORD0000638,722,CUS0000005
ORD0000639,4950,CUS0000002
ORD0000640,2089,CUS0000009
ORD0000641,934,CUS0000004
ORD0000642,2570,CUS0000001
ORD0000643,1091,CUS0000001
ORD0000644,4736,CUS0000001
ORD0000645,436,CUS0000007
ORD0000646,2944,CUS0000001
ORD0000647,4464,CUS0000001
ORD0000648,3609,CUS0000001
ORD0000649,3135,CUS0000001
ORD0000650,664,CUS0000001
ORD0000651,4244,CUS0000003
ORD0000652,2895,CUS0000001
ORD0000653,203,CUS0000001
ORD0000654,3541,CUS0000001
ORD0000655,4115,CUS0000005
ORD0000656,964,CUS0000002
ORD0000657,3651,CUS0000001
ORD0000658,3067,CUS0000001
ORD0000659,3866,CUS0000002
ORD0000660,1353,CUS0000001
ORD0000661,3667,CUS0000005
ORD0000662,1542,CUS0000001
ORD0000663,4374,CUS0000005
ORD0000664,2312,CUS0000007
ORD0000665,4508,CUS0000001
ORD0000666,4060,CUS0000001
ORD0000667,3908,CUS0000005
ORD0000668,3668,CUS0000008
ORD0000669,4953,CUS0000001
ORD0000670,2298,CUS0000003
ORD0000671,2740,CUS0000002
ORD0000672,2111,CUS0000001
ORD0000673,809,CUS0000005
ORD0000674,2384,CUS0000003
ORD0000675,3792,CUS0000002
ORD0000676,2097,CUS0000002
ORD0000677,3906,CUS0000003
ORD0000678,4768,CUS0000001
ORD0000679,3204,CUS0000004
ORD0000680,2855,CUS0000001
ORD0000681,335,CUS0000005
ORD0000682,4149,CUS0000001
ORD0000683,2762,CUS0000001
ORD0000684,1589,CUS0000001
ORD0000685,4094,CUS0000001
ORD0000686,1837,CUS0000001
ORD0000687,3006,CUS0000001
ORD0000688,2216,CUS0000001
ORD0000689,2888,CUS0000001
ORD0000690,2390,CUS0000002
ORD0000691,4983,CUS0000006
ORD0000692,2363,CUS0000001
ORD0000693,4653,CUS0000001
ORD0000694,183,CUS0000003
ORD0000695,4332,CUS0000007
ORD0000696,1665,CUS0000007
ORD0000697,801,CUS0000003
ORD0000698,2077,CUS0000001
ORD0000699,3429,CUS0000001
ORD0000700,4102,CUS0000001
ORD0000701,4648,CUS0000010
ORD0000702,2068,CUS0000001
ORD0000703,4000,CUS0000003
ORD0000704,4120,CUS0000001
ORD0000705,3771,CUS0000001
ORD0000706,241,CUS0000001
ORD0000707,862,CUS0000001
ORD0000708,2510,CUS0000001
ORD0000709,1915,CUS0000002
ORD0000710,3412,CUS0000001
ORD0000711,2093,CUS0000001
ORD0000712,2608,CUS0000002
ORD0000713,4864,CUS0000001
ORD0000714,3123,CUS0000007
ORD0000715,3976,CUS0000001
ORD0000716,4634,CUS0000001
ORD0000717,4449,CUS0000001
ORD0000718,2916,CUS0000001
ORD0000719,3585,CUS0000005
ORD0000720,4608,CUS0000008
ORD0000721,2809,CUS0000003
ORD0000722,2982,CUS0000001
ORD0000723,3817,CUS0000002
ORD0000724,2319,CUS0000001
ORD0000725,2611,CUS0000001
ORD0000726,2159,CUS0000001
ORD0000727,1988,CUS0000001
ORD0000728,1088,CUS0000003
ORD0000729,1677,CUS0000005
ORD0000730,2684,CUS0000002
ORD0000731,1079,CUS0000002
ORD0000732,4489,CUS0000001
ORD0000733,1616,CUS0000004
ORD0000734,1669,CUS0000001
ORD0000735,1872,CUS0000006
ORD0000736,4066,CUS0000001
ORD0000737,2365,CUS0000003
ORD0000738,4929,CUS0000001
ORD0000739,4397,CUS0000001
ORD0000740,4988,CUS0000001
ORD0000741,2418,CUS0000001
ORD0000742,923,CUS0000003
ORD0000743,1690,CUS0000001
ORD0000744,2526,CUS0000003
ORD0000745,1963,CUS0000001
ORD0000746,3056,CUS0000003
ORD0000747,1569,CUS0000001
ORD0000748,2576,CUS0000001
ORD0000749,215,CUS0000004
ORD0000750,4475,CUS0000002
ORD0000751,1136,CUS0000001
ORD0000752,2347,CUS0000002
ORD0000753,472,CUS0000002
ORD0000754,546,CUS0000001
ORD0000755,4633,CUS0000010
ORD0000756,2493,CUS0000007
ORD0000757,1134,CUS0000003
ORD0000758,4121,CUS0000003
ORD0000759,940,CUS0000001
ORD0000760,200,CUS0000001
ORD0000761,4802,CUS0000001
ORD0000762,2429,CUS0000001
ORD0000763,3945,CUS0000005
ORD0000764,4021,CUS0000001
ORD0000765,3708,CUS0000009
ORD0000766,2891,CUS0000001
ORD0000767,1610,CUS0000002
ORD0000768,520,CUS0000001
ORD0000769,2168,CUS0000001
ORD0000770,4013,CUS0000004
ORD0000771,1034,CUS0000001
ORD0000772,635,CUS0000001
ORD0000773,3382,CUS0000009
ORD0000774,4128,CUS0000001
ORD0000775,706,CUS0000001
ORD0000776,4826,CUS0000009
ORD0000777,539,CUS0000001
ORD0000778,1342,CUS0000002
ORD0000779,1322,CUS0000001
ORD0000780,4710,CUS0000001
ORD0000781,2589,CUS0000001
ORD0000782,797,CUS0000008
ORD0000783,2133,CUS0000009
ORD0000784,1070,CUS0000002
ORD0000785,4671,CUS0000001
ORD0000786,3509,CUS0000004
ORD0000787,4983,CUS0000001
ORD0000788,1948,CUS0000006
ORD0000789,4380,CUS0000002
ORD0000790,3216,CUS0000005
ORD0000791,3790,CUS0000003
ORD0000792,3726,CUS0000002
ORD0000793,2535,CUS0000001
ORD0000794,4921,CUS0000001
ORD0000795,3612,CUS0000001
ORD0000796,2601,CUS0000002
ORD0000797,4758,CUS0000002
ORD0000798,593,CUS0000003
ORD0000799,912,CUS0000001
ORD0000800,1802,CUS0000001
ORD0000801,1828,CUS0000001
ORD0000802,2267,CUS0000001
ORD0000803,765,CUS0000002
ORD0000804,1386,CUS0000002
ORD0000805,2064,CUS0000001
ORD0000806,1523,CUS0000005
ORD0000807,4621,CUS0000003
ORD0000808,714,CUS0000001
ORD0000809,1382,CUS0000001
ORD0000810,121,CUS0000002
ORD0000811,3446,CUS0000007
ORD0000812,3790,CUS0000005
ORD0000813,4964,CUS0000010
ORD0000814,3949,CUS0000004
ORD0000815,2485,CUS0000001
ORD0000816,367,CUS0000002
ORD0000817,1996,CUS0000002
ORD0000818,2460,CUS0000001
ORD0000819,2416,CUS0000001
ORD0000820,3819,CUS0000003
ORD0000821,683,CUS0000007
ORD0000822,2012,CUS0000001
ORD0000823,2267,CUS0000001
ORD0000824,4931,CUS0000002
ORD0000825,1720,CUS0000001
ORD0000826,3582,CUS0000001
ORD0000827,1040,CUS0000001
ORD0000828,4561,CUS0000001
ORD0000829,1941,CUS0000001
ORD0000830,1320,CUS0000001
ORD0000831,2276,CUS0000001
ORD0000832,1265,CUS0000001
ORD0000833,684,CUS0000001
ORD0000834,588,CUS0000009
ORD0000835,1459,CUS0000006
ORD0000836,2619,CUS0000001
ORD0000837,4974,CUS0000004
ORD0000838,4762,CUS0000003
ORD0000839,2464,CUS0000003
ORD0000840,3697,CUS0000001
ORD0000841,1118,CUS0000001
ORD0000842,3939,CUS0000001
ORD0000843,2591,CUS0000001
ORD0000844,3397,CUS0000005
ORD0000845,2330,CUS0000001
ORD0000846,4199,CUS0000005
ORD0000847,4523,CUS0000004
ORD0000848,4145,CUS0000001
ORD0000849,3686,CUS0000001
ORD0000850,758,CUS0000006
ORD0000851,4999,CUS0000001
ORD0000852,426,CUS0000001
ORD0000853,3639,CUS0000001
ORD0000854,2740,CUS0000001
ORD0000855,2151,CUS0000004
ORD0000856,311,CUS0000004
ORD0000857,848,CUS0000002
ORD0000858,1975,CUS0000001
ORD0000859,4812,CUS0000008
ORD0000860,4909,CUS0000010
ORD0000861,269,CUS0000001
ORD0000862,2307,CUS0000009
ORD0000863,4820,CUS0000001
ORD0000864,429,CUS0000002
ORD0000865,1535,CUS0000004
ORD0000866,3954,CUS0000004
ORD0000867,4351,CUS0000002
ORD0000868,3722,CUS0000001
ORD0000869,2378,CUS0000002
ORD0000870,1586,CUS0000009
ORD0000871,4895,CUS0000001
ORD0000872,3670,CUS0000006
ORD0000873,4128,CUS0000002
ORD0000874,847,CUS0000001
ORD0000875,3950,CUS0000001
ORD0000876,2950,CUS0000004
ORD0000877,3445,CUS0000002
ORD0000878,2830,CUS0000002
ORD0000879,2730,CUS0000004
ORD0000880,956,CUS0000005
ORD0000881,1417,CUS0000002
ORD0000882,2801,CUS0000001
ORD0000883,3472,CUS0000002
ORD0000884,4158,CUS0000008
ORD0000885,2461,CUS0000001
ORD0000886,3380,CUS0000001
ORD0000887,4606,CUS0000001
ORD0000888,400,CUS0000002
ORD0000889,3825,CUS0000002
ORD0000890,821,CUS0000001
ORD0000891,2676,CUS0000003
ORD0000892,2167,CUS0000007
ORD0000893,2748,CUS0000001
ORD0000894,1049,CUS0000001
ORD0000895,3411,CUS0000003
ORD0000896,4315,CUS0000001
ORD0000897,109,CUS0000001
ORD0000898,4544,CUS0000002
ORD0000899,3884,CUS0000001
ORD0000900,3485,CUS0000001
ORD0000901,544,CUS0000006
ORD0000902,1636,CUS0000001
ORD0000903,4347,CUS0000002
ORD0000904,3063,CUS0000001
ORD0000905,4183,CUS0000004
ORD0000906,3721,CUS0000004
ORD0000907,522,CUS0000003
ORD0000908,1767,CUS0000002
ORD0000909,2287,CUS0000001
ORD0000910,4599,CUS0000007
ORD0000911,1173,CUS0000002
ORD0000912,2459,CUS0000002
ORD0000913,3689,CUS0000002
ORD0000914,4070,CUS0000001
ORD0000915,1094,CUS0000001
ORD0000916,336,CUS0000002
ORD0000917,2060,CUS0000001
ORD0000918,1397,CUS0000001
ORD0000919,2645,CUS0000006
ORD0000920,4612,CUS0000001
ORD0000921,212,CUS0000001
ORD0000922,4624,CUS0000001
ORD0000923,3442,CUS0000005
ORD0000924,863,CUS0000001
ORD0000925,1940,CUS0000001
ORD0000926,1029,CUS0000001
ORD0000927,3880,CUS0000001
ORD0000928,1062,CUS0000008
ORD0000929,1361,CUS0000001
ORD0000930,4182,CUS0000003
ORD0000931,2490,CUS0000001
ORD0000932,4268,CUS0000001
ORD0000933,2339,CUS0000006
ORD0000934,3503,CUS0000004
ORD0000935,4052,CUS0000001
ORD0000936,3968,CUS0000001
ORD0000937,2096,CUS0000001
ORD0000938,3841,CUS0000002
ORD0000939,4615,CUS0000002
ORD0000940,1284,CUS0000001
ORD0000941,3242,CUS0000009
ORD0000942,1661,CUS0000010
ORD0000943,4263,CUS0000001
ORD0000944,1218,CUS0000002
ORD0000945,671,CUS0000002
ORD0000946,2363,CUS0000001
ORD0000947,3499,CUS0000003
ORD0000948,2884,CUS0000007
ORD0000949,4259,CUS0000001
ORD0000950,2288,CUS0000001
ORD0000951,121,CUS0000001
ORD0000952,2417,CUS0000002
ORD0000953,2545,CUS0000001
ORD0000954,4908,CUS0000005
ORD0000955,4850,CUS0000001
ORD0000956,4111,CUS0000001
ORD0000957,1317,CUS0000001
ORD0000958,3758,CUS0000001
ORD0000959,4512,CUS0000003
ORD0000960,4067,CUS0000007
ORD0000961,2927,CUS0000001
ORD0000962,2823,CUS0000001
ORD0000963,4621,CUS0000008
ORD0000964,4551,CUS0000001
ORD0000965,3190,CUS0000002
ORD0000966,3830,CUS0000001
ORD0000967,2736,CUS0000003
ORD0000968,1645,CUS0000001
ORD0000969,2056,CUS0000002
ORD0000970,4784,CUS0000001
ORD0000971,3237,CUS0000001
ORD0000972,2013,CUS0000001
ORD0000973,3465,CUS0000003
ORD0000974,457,CUS0000006
ORD0000975,2706,CUS0000001
ORD0000976,3974,CUS0000001
ORD0000977,3223,CUS0000002
ORD0000978,3262,CUS0000003
ORD0000979,1346,CUS0000001
ORD0000980,4157,CUS0000004
ORD0000981,403,CUS0000008
ORD0000982,1134,CUS0000001
ORD0000983,4214,CUS0000006
ORD0000984,4934,CUS0000001
ORD0000985,2819,CUS0000003
ORD0000986,922,CUS0000004
ORD0000987,3706,CUS0000002
ORD0000988,916,CUS0000002
ORD0000989,4408,CUS0000001
ORD0000990,3843,CUS0000002
ORD0000991,225,CUS0000001
ORD0000992,1280,CUS0000002
ORD0000993,3458,CUS0000001
ORD0000994,1364,CUS0000001
ORD0000995,712,CUS0000001
ORD0000996,3946,CUS0000002
ORD0000997,2271,CUS0000002
ORD0000998,2873,CUS0000001
ORD0000999,3356,CUS0000004
ORD0001000,757,CUS0000002
ORD0001001,2791,CUS0000008
ORD0001002,4471,CUS0000001
ORD0001003,3213,CUS0000001
ORD0001004,2694,CUS0000001
ORD0001005,4097,CUS0000001
ORD0001006,4532,CUS0000004
ORD0001007,394,CUS0000001
ORD0001008,660,CUS0000001
ORD0001009,2023,CUS0000002
ORD0001010,2454,CUS0000001
ORD0001011,1963,CUS0000004
ORD0001012,840,CUS0000001
ORD0001013,3655,CUS0000001
ORD0001014,906,CUS0000001
ORD0001015,923,CUS0000001
ORD0001016,3734,CUS0000001
ORD0001017,1462,CUS0000004
ORD0001018,2553,CUS0000006
ORD0001019,337,CUS0000002
ORD0001020,476,CUS0000001
ORD0001021,2757,CUS0000002
ORD0001022,559,CUS0000002
ORD0001023,2503,CUS0000001
ORD0001024,3036,CUS0000001
ORD0001025,3170,CUS0000002
ORD0001026,3628,CUS0000006
ORD0001027,1292,CUS0000005
ORD0001028,2100,CUS0000001
ORD0001029,4451,CUS0000006
ORD0001030,3475,CUS0000001
ORD0001031,4736,CUS0000003
ORD0001032,1575,CUS0000001
ORD0001033,1492,CUS0000001
ORD0001034,1534,CUS0000001
ORD0001035,746,CUS0000004
ORD0001036,3233,CUS0000001
ORD0001037,2072,CUS0000010
ORD0001038,4176,CUS0000001
ORD0001039,4877,CUS0000001
ORD0001040,1272,CUS0000001
ORD0001041,2002,CUS0000001
ORD0001042,3877,CUS0000001
ORD0001043,2180,CUS0000002
ORD0001044,3864,CUS0000001
ORD0001045,2191,CUS0000002
ORD0001046,176,CUS0000005
ORD0001047,3911,CUS0000010
ORD0001048,2456,CUS0000006
ORD0001049,4577,CUS0000001
ORD0001050,1394,CUS0000005
ORD0001051,705,CUS0000001
ORD0001052,3718,CUS0000006
ORD0001053,2930,CUS0000007
ORD0001054,4913,CUS0000001
ORD0001055,2550,CUS0000002
ORD0001056,3575,CUS0000001
ORD0001057,2148,CUS0000001
ORD0001058,3842,CUS0000004
ORD0001059,2574,CUS0000003
ORD0001060,1731,CUS0000001
ORD0001061,3251,CUS0000003
ORD0001062,4058,CUS0000001
ORD0001063,973,CUS0000002
ORD0001064,2043,CUS0000001
ORD0001065,3224,CUS0000002
ORD0001066,4785,CUS0000001
ORD0001067,3040,CUS0000003
ORD0001068,4808,CUS0000001
ORD0001069,2523,CUS0000005
ORD0001070,2518,CUS0000009
ORD0001071,279,CUS0000001
ORD0001072,3342,CUS0000001
ORD0001073,2348,CUS0000002
ORD0001074,166,CUS0000001
ORD0001075,4736,CUS0000001
ORD0001076,501,CUS0000001
ORD0001077,4169,CUS0000001
ORD0001078,2444,CUS0000001
ORD0001079,1985,CUS0000003
ORD0001080,2986,CUS0000001
ORD0001081,1894,CUS0000001
ORD0001082,1657,CUS0000001
ORD0001083,2153,CUS0000006
ORD0001084,1220,CUS0000001
ORD0001085,895,CUS0000006
ORD0001086,422,CUS0000010
ORD0001087,2630,CUS0000007
ORD0001088,3711,CUS0000005
ORD0001089,373,CUS0000001
ORD0001090,4847,CUS0000004
ORD0001091,3088,CUS0000001
ORD0001092,1176,CUS0000008
ORD0001093,838,CUS0000001
ORD0001094,2517,CUS0000001
ORD0001095,2776,CUS0000002
ORD0001096,3503,CUS0000004
ORD0001097,1538,CUS0000001
ORD0001098,1744,CUS0000001
ORD0001099,1182,CUS0000001
ORD0001100,4518,CUS0000001
ORD0001101,3097,CUS0000001
ORD0001102,4448,CUS0000005
ORD0001103,4210,CUS0000003
ORD0001104,2332,CUS0000006
ORD0001105,1447,CUS0000009
ORD0001106,2205,CUS0000001
ORD0001107,4047,CUS0000001
ORD0001108,2517,CUS0000001
ORD0001109,2874,CUS0000002
ORD0001110,1043,CUS0000002
ORD0001111,3936,CUS0000002
ORD0001112,716,CUS0000009
ORD0001113,1253,CUS0000001
ORD0001114,1948,CUS0000003
ORD0001115,3355,CUS0000001
ORD0001116,4665,CUS0000001
ORD0001117,3096,CUS0000001
ORD0001118,839,CUS0000001
ORD0001119,3332,CUS0000002
ORD0001120,214,CUS0000005
ORD0001121,2266,CUS0000002
ORD0001122,4495,CUS0000003
ORD0001123,1112,CUS0000001
ORD0001124,3825,CUS0000001
ORD0001125,3119,CUS0000009
ORD0001126,2247,CUS0000001
ORD0001127,4888,CUS0000001
ORD0001128,3221,CUS0000001
ORD0001129,3143,CUS0000004
ORD0001130,987,CUS0000001
ORD0001131,2015,CUS0000001
ORD0001132,3962,CUS0000001
ORD0001133,305,CUS0000002
ORD0001134,4699,CUS0000002
ORD0001135,2787,CUS0000005
ORD0001136,1913,CUS0000003
ORD0001137,617,CUS0000001
ORD0001138,3903,CUS0000001
ORD0001139,2575,CUS0000001
ORD0001140,3444,CUS0000002
ORD0001141,1055,CUS0000006
ORD0001142,1245,CUS0000001
ORD0001143,471,CUS0000001
ORD0001144,404,CUS0000009
ORD0001145,2593,CUS0000005
ORD0001146,4135,CUS0000002
ORD0001147,1051,CUS0000004
ORD0001148,896,CUS0000001
ORD0001149,2023,CUS0000001
ORD0001150,4503,CUS0000001
ORD0001151,1211,CUS0000001
ORD0001152,3283,CUS0000005
ORD0001153,3816,CUS0000002
ORD0001154,3139,CUS0000001
ORD0001155,4525,CUS0000005
ORD0001156,3533,CUS0000003
ORD0001157,4911,CUS0000001
ORD0001158,1365,CUS0000006
ORD0001159,3498,CUS0000001
ORD0001160,911,CUS0000001
ORD0001161,4108,CUS0000002
ORD0001162,3443,CUS0000001
ORD0001163,2391,CUS0000001
ORD0001164,368,CUS0000007
ORD0001165,3135,CUS0000001
ORD0001166,1879,CUS0000001
ORD0001167,3732,CUS0000001
ORD0001168,3742,CUS0000002
ORD0001169,2034,CUS0000002
ORD0001170,3071,CUS0000001
ORD0001171,913,CUS0000001
ORD0001172,3109,CUS0000001
ORD0001173,4560,CUS0000002
ORD0001174,3038,CUS0000003
ORD0001175,596,CUS0000001
ORD0001176,3361,CUS0000001
ORD0001177,2360,CUS0000001
ORD0001178,1654,CUS0000002
ORD0001179,1100,CUS0000002
ORD0001180,3825,CUS0000001
ORD0001181,850,CUS0000001
ORD0001182,1837,CUS0000003
ORD0001183,4991,CUS0000002
ORD0001184,274,CUS0000008
ORD0001185,514,CUS0000001
ORD0001186,2832,CUS0000001
ORD0001187,2095,CUS0000001
ORD0001188,1131,CUS0000001
ORD0001189,4725,CUS0000001
ORD0001190,1781,CUS0000001
ORD0001191,662,CUS0000001
ORD0001192,4640,CUS0000002
ORD0001193,1797,CUS0000003
ORD0001194,4903,CUS0000001
ORD0001195,1869,CUS0000001
ORD0001196,2008,CUS0000003
ORD0001197,2791,CUS0000005
ORD0001198,1308,CUS0000001
ORD0001199,4982,CUS0000001
ORD0001200,123,CUS0000004
ORD0001201,2371,CUS0000001
ORD0001202,1285,CUS0000001
ORD0001203,1164,CUS0000002
ORD0001204,4525,CUS0000003
ORD0001205,2153,CUS0000001
ORD0001206,1529,CUS0000002
ORD0001207,1000,CUS0000003
ORD0001208,311,CUS0000001
ORD0001209,1179,CUS0000001
ORD0001210,221,CUS0000006
ORD0001211,3034,CUS0000001
ORD0001212,2049,CUS0000001
ORD0001213,4923,CUS0000001
ORD0001214,2752,CUS0000001
ORD0001215,229,CUS0000006
ORD0001216,1527,CUS0000001
ORD0001217,2273,CUS0000001
ORD0001218,529,CUS0000001
ORD0001219,1138,CUS0000001
ORD0001220,3548,CUS0000001
ORD0001221,4409,CUS0000001
ORD0001222,1031,CUS0000001
ORD0001223,620,CUS0000003
ORD0001224,4001,CUS0000005
ORD0001225,3772,CUS0000002
ORD0001226,3065,CUS0000009
ORD0001227,4304,CUS0000002
ORD0001228,4963,CUS0000001
ORD0001229,993,CUS0000001
ORD0001230,3802,CUS0000001
ORD0001231,4227,CUS0000004
ORD0001232,1914,CUS0000002
ORD0001233,455,CUS0000010
ORD0001234,4371,CUS0000004
ORD0001235,2570,CUS0000002
ORD0001236,3852,CUS0000001
ORD0001237,355,CUS0000001
ORD0001238,598,CUS0000001
ORD0001239,4023,CUS0000001
ORD0001240,3390,CUS0000003
ORD0001241,3592,CUS0000001
ORD0001242,984,CUS0000003
ORD0001243,4116,CUS0000010
ORD0001244,3733,CUS0000001
ORD0001245,702,CUS0000001
ORD0001246,761,CUS0000001
ORD0001247,2738,CUS0000001
ORD0001248,1315,CUS0000001
ORD0001249,638,CUS0000003
ORD0001250,1133,CUS0000006
ORD0001251,2352,CUS0000003
ORD0001252,4895,CUS0000005
ORD0001253,4592,CUS0000006
ORD0001254,2763,CUS0000002
ORD0001255,3220,CUS0000001
ORD0001256,4993,CUS0000003
ORD0001257,4446,CUS0000003
ORD0001258,2515,CUS0000001
ORD0001259,3816,CUS0000009
ORD0001260,4241,CUS0000005
ORD0001261,3624,CUS0000002
ORD0001262,912,CUS0000001
ORD0001263,1037,CUS0000001
ORD0001264,4616,CUS0000001
ORD0001265,1861,CUS0000003
ORD0001266,3623,CUS0000009
ORD0001267,3799,CUS0000001
ORD0001268,1971,CUS0000003
ORD0001269,3489,CUS0000001
ORD0001270,2876,CUS0000008
ORD0001271,3815,CUS0000002
ORD0001272,3366,CUS0000008
ORD0001273,3507,CUS0000005
ORD0001274,878,CUS0000003
ORD0001275,2660,CUS0000006
ORD0001276,3596,CUS0000001
ORD0001277,2660,CUS0000008
ORD0001278,2188,CUS0000002
ORD0001279,3166,CUS0000001
ORD0001280,1350,CUS0000003
ORD0001281,3985,CUS0000006
ORD0001282,649,CUS0000001
ORD0001283,847,CUS0000001
ORD0001284,799,CUS0000010
ORD0001285,863,CUS0000001
ORD0001286,3637,CUS0000001
ORD0001287,891,CUS0000002
ORD0001288,3152,CUS0000001
ORD0001289,1165,CUS0000002
ORD0001290,4657,CUS0000001
ORD0001291,591,CUS0000001
ORD0001292,4904,CUS0000009
ORD0001293,4700,CUS0000004
ORD0001294,4701,CUS0000001
ORD0001295,2800,CUS0000009
ORD0001296,1101,CUS0000001
ORD0001297,3465,CUS0000003
ORD0001298,2996,CUS0000001
ORD0001299,3564,CUS0000001
ORD0001300,521,CUS0000009
ORD0001301,2456,CUS0000002
ORD0001302,2659,CUS0000002
ORD0001303,2980,CUS0000001
ORD0001304,948,CUS0000001
ORD0001305,4834,CUS0000004
ORD0001306,4256,CUS0000001
ORD0001307,1842,CUS0000001
ORD0001308,1367,CUS0000001
ORD0001309,4050,CUS0000002
ORD0001310,1937,CUS0000001
ORD0001311,986,CUS0000001
ORD0001312,2968,CUS0000001
ORD0001313,4656,CUS0000002
ORD0001314,3111,CUS0000001
ORD0001315,1041,CUS0000001
ORD0001316,2382,CUS0000001
ORD0001317,4803,CUS0000001
ORD0001318,1952,CUS0000005
ORD0001319,3615,CUS0000002
ORD0001320,4695,CUS0000003
ORD0001321,4660,CUS0000001
ORD0001322,315,CUS0000001
ORD0001323,2290,CUS0000001
ORD0001324,337,CUS0000010
ORD0001325,1577,CUS0000001
ORD0001326,2338,CUS0000002
ORD0001327,2631,CUS0000001
ORD0001328,2883,CUS0000001
ORD0001329,2975,CUS0000001
ORD0001330,150,CUS0000001
ORD0001331,1586,CUS0000004
ORD0001332,1273,CUS0000002
ORD0001333,4739,CUS0000001
ORD0001334,3383,CUS0000009
ORD0001335,670,CUS0000001
ORD0001336,1262,CUS0000001
ORD0001337,351,CUS0000001
ORD0001338,851,CUS0000001
ORD0001339,4445,CUS0000002
ORD0001340,1862,CUS0000003
ORD0001341,3181,CUS0000001
ORD0001342,3539,CUS0000002
ORD0001343,3816,CUS0000003
ORD0001344,2892,CUS0000001
ORD0001345,1389,CUS0000001
ORD0001346,3131,CUS0000002
ORD0001347,2652,CUS0000001
ORD0001348,2757,CUS0000001
ORD0001349,4749,CUS0000002
ORD0001350,4984,CUS0000002
ORD0001351,795,CUS0000002
ORD0001352,530,CUS0000001
ORD0001353,1374,CUS0000005
ORD0001354,1389,CUS0000001
ORD0001355,507,CUS0000001
ORD0001356,768,CUS0000001
ORD0001357,2329,CUS0000001
ORD0001358,3729,CUS0000007
ORD0001359,3573,CUS0000003
ORD0001360,4078,CUS0000001
ORD0001361,3721,CUS0000001
ORD0001362,3492,CUS0000001
ORD0001363,2337,CUS0000001
ORD0001364,1865,CUS0000001
ORD0001365,4297,CUS0000002
ORD0001366,1032,CUS0000008
ORD0001367,2927,CUS0000001
ORD0001368,3621,CUS0000003
ORD0001369,1008,CUS0000002
ORD0001370,2420,CUS0000001
ORD0001371,4958,CUS0000001
ORD0001372,4086,CUS0000002
ORD0001373,4416,CUS0000001
ORD0001374,2626,CUS0000002
ORD0001375,472,CUS0000002
ORD0001376,1906,CUS0000001
ORD0001377,3337,CUS0000003
ORD0001378,548,CUS0000001
ORD0001379,162,CUS0000001
ORD0001380,1774,CUS0000001
ORD0001381,2569,CUS0000004
ORD0001382,1830,CUS0000005
ORD0001383,1224,CUS0000001
ORD0001384,2193,CUS0000001
ORD0001385,2471,CUS0000001
ORD0001386,2787,CUS0000004
ORD0001387,1082,CUS0000002
ORD0001388,163,CUS0000001
ORD0001389,4174,CUS0000001
ORD0001390,3627,CUS0000001
ORD0001391,1539,CUS0000001
ORD0001392,1158,CUS0000001
ORD0001393,3214,CUS0000001
ORD0001394,4462,CUS0000003
ORD0001395,1985,CUS0000002
ORD0001396,4198,CUS0000003
ORD0001397,4677,CUS0000001
ORD0001398,3001,CUS0000001
ORD0001399,690,CUS0000001
ORD0001400,3352,CUS0000003
ORD0001401,446,CUS0000001
ORD0001402,3673,CUS0000001
ORD0001403,253,CUS0000002
ORD0001404,3866,CUS0000005
ORD0001405,737,CUS0000001
ORD0001406,2664,CUS0000001
ORD0001407,4816,CUS0000010
ORD0001408,3616,CUS0000001
ORD0001409,4797,CUS0000001
ORD0001410,3413,CUS0000003
ORD0001411,3521,CUS0000001
ORD0001412,2471,CUS0000001
ORD0001413,1043,CUS0000002
ORD0001414,3418,CUS0000001
ORD0001415,270,CUS0000001
ORD0001416,2760,CUS0000001
ORD0001417,1507,CUS0000001
ORD0001418,3869,CUS0000004
ORD0001419,3064,CUS0000001
ORD0001420,821,CUS0000001
ORD0001421,3677,CUS0000001
ORD0001422,967,CUS0000001
ORD0001423,2093,CUS0000009
ORD0001424,3669,CUS0000004
ORD0001425,4924,CUS0000005
ORD0001426,3380,CUS0000002
ORD0001427,4392,CUS0000004
ORD0001428,744,CUS0000003
ORD0001429,3342,CUS0000005
ORD0001430,2641,CUS0000002
ORD0001431,2881,CUS0000001
ORD0001432,1915,CUS0000002
ORD0001433,2828,CUS0000001
ORD0001434,1477,CUS0000004
ORD0001435,725,CUS0000002
ORD0001436,4281,CUS0000001
ORD0001437,1034,CUS0000003
ORD0001438,4446,CUS0000002
ORD0001439,4277,CUS0000001
ORD0001440,1688,CUS0000001
ORD0001441,2962,CUS0000002
ORD0001442,2976,CUS0000008
ORD0001443,1309,CUS0000001
ORD0001444,2035,CUS0000002
ORD0001445,942,CUS0000001
ORD0001446,1299,CUS0000003
ORD0001447,2196,CUS0000001
ORD0001448,1716,CUS0000001
ORD0001449,1521,CUS0000001
ORD0001450,1352,CUS0000001
ORD0001451,717,CUS0000001
ORD0001452,1551,CUS0000002
ORD0001453,4147,CUS0000001
ORD0001454,3900,CUS0000001
ORD0001455,4718,CUS0000002
ORD0001456,4847,CUS0000006
ORD0001457,3777,CUS0000002
ORD0001458,4724,CUS0000001
ORD0001459,2747,CUS0000006
ORD0001460,2689,CUS0000008
ORD0001461,1336,CUS0000001
ORD0001462,3702,CUS0000003
ORD0001463,659,CUS0000001
ORD0001464,3941,CUS0000009
ORD0001465,3722,CUS0000001
ORD0001466,2580,CUS0000005
ORD0001467,2350,CUS0000002
ORD0001468,4944,CUS0000001
ORD0001469,560,CUS0000003
ORD0001470,2983,CUS0000001
ORD0001471,4256,CUS0000001
ORD0001472,707,CUS0000002
ORD0001473,2642,CUS0000001
ORD0001474,3882,CUS0000003
ORD0001475,3802,CUS0000001
ORD0001476,408,CUS0000003
ORD0001477,566,CUS0000004
ORD0001478,3120,CUS0000001
ORD0001479,2451,CUS0000003
ORD0001480,728,CUS0000001
ORD0001481,839,CUS0000001
ORD0001482,4966,CUS0000006
ORD0001483,4253,CUS0000002
ORD0001484,3249,CUS0000001
ORD0001485,3890,CUS0000001
ORD0001486,4854,CUS0000002
ORD0001487,4640,CUS0000002
ORD0001488,436,CUS0000007
ORD0001489,3784,CUS0000004
ORD0001490,4783,CUS0000002
ORD0001491,1642,CUS0000001
ORD0001492,2733,CUS0000001
ORD0001493,3996,CUS0000008
ORD0001494,4207,CUS0000001
ORD0001495,1335,CUS0000002
ORD0001496,606,CUS0000001
ORD0001497,3790,CUS0000001
ORD0001498,947,CUS0000005
ORD0001499,2913,CUS0000001
ORD0001500,790,CUS0000001
ORD0001501,4233,CUS0000001
ORD0001502,1513,CUS0000007
ORD0001503,420,CUS0000001
ORD0001504,2129,CUS0000003
ORD0001505,3686,CUS0000009
ORD0001506,3699,CUS0000004
ORD0001507,4393,CUS0000003
ORD0001508,4382,CUS0000001
ORD0001509,1400,CUS0000006
ORD0001510,3081,CUS0000001
ORD0001511,3154,CUS0000006
ORD0001512,2417,CUS0000003
ORD0001513,3273,CUS0000001
ORD0001514,3448,CUS0000001
ORD0001515,2871,CUS0000002
ORD0001516,4997,CUS0000001
ORD0001517,528,CUS0000005
ORD0001518,2841,CUS0000001
ORD0001519,639,CUS0000003
ORD0001520,2800,CUS0000002
ORD0001521,874,CUS0000005
ORD0001522,4670,CUS0000007
ORD0001523,3266,CUS0000001
ORD0001524,2427,CUS0000003
ORD0001525,2164,CUS0000001
ORD0001526,1331,CUS0000010
ORD0001527,2830,CUS0000002
ORD0001528,767,CUS0000001
ORD0001529,4873,CUS0000001
ORD0001530,1258,CUS0000001
ORD0001531,2965,CUS0000001
ORD0001532,2641,CUS0000001
ORD0001533,3310,CUS0000001
ORD0001534,1156,CUS0000004
ORD0001535,4974,CUS0000004
ORD0001536,794,CUS0000001
ORD0001537,2636,CUS0000002
ORD0001538,4678,CUS0000002
ORD0001539,3185,CUS0000002
ORD0001540,2790,CUS0000001
ORD0001541,1146,CUS0000004
ORD0001542,4412,CUS0000006
ORD0001543,865,CUS0000001
ORD0001544,3568,CUS0000001
ORD0001545,4265,CUS0000002
ORD0001546,3064,CUS0000001
ORD0001547,249,CUS0000001
ORD0001548,3070,CUS0000003
ORD0001549,2630,CUS0000006
ORD0001550,1576,CUS0000002
ORD0001551,1854,CUS0000001
ORD0001552,2899,CUS0000004
ORD0001553,4083,CUS0000002
ORD0001554,1672,CUS0000001
ORD0001555,1955,CUS0000001
ORD0001556,1226,CUS0000002
ORD0001557,1369,CUS0000002
ORD0001558,732,CUS0000001
ORD0001559,2523,CUS0000001
ORD0001560,928,CUS0000001
ORD0001561,4258,CUS0000001
ORD0001562,4521,CUS0000001
ORD0001563,4413,CUS0000001
ORD0001564,409,CUS0000004
ORD0001565,2858,CUS0000001
ORD0001566,1173,CUS0000001
ORD0001567,4992,CUS0000001
ORD0001568,3186,CUS0000002
ORD0001569,1363,CUS0000001
ORD0001570,1429,CUS0000001
ORD0001571,1581,CUS0000007
ORD0001572,1456,CUS0000007
ORD0001573,3685,CUS0000001
ORD0001574,457,CUS0000003
ORD0001575,3465,CUS0000001
ORD0001576,3084,CUS0000005
ORD0001577,2045,CUS0000009
ORD0001578,3738,CUS0000001
ORD0001579,2434,CUS0000002
ORD0001580,3777,CUS0000005
ORD0001581,2016,CUS0000007
ORD0001582,4474,CUS0000001
ORD0001583,2059,CUS0000001
ORD0001584,2635,CUS0000001
ORD0001585,3942,CUS0000003
ORD0001586,1689,CUS0000001
ORD0001587,3113,CUS0000001
ORD0001588,4772,CUS0000007
ORD0001589,3709,CUS0000001
ORD0001590,3882,CUS0000001
ORD0001591,2408,CUS0000001
ORD0001592,3228,CUS0000001
ORD0001593,4219,CUS0000001
ORD0001594,4420,CUS0000003
ORD0001595,3529,CUS0000001
ORD0001596,1427,CUS0000002
ORD0001597,1735,CUS0000003
ORD0001598,1233,CUS0000007
ORD0001599,2148,CUS0000002
ORD0001600,527,CUS0000005
ORD0001601,4036,CUS0000001
ORD0001602,3140,CUS0000001
ORD0001603,4642,CUS0000008
ORD0001604,940,CUS0000006
ORD0001605,4326,CUS0000003
ORD0001606,1121,CUS0000003
ORD0001607,2435,CUS0000001
ORD0001608,787,CUS0000009
ORD0001609,1413,CUS0000008
ORD0001610,2334,CUS0000002
ORD0001611,3780,CUS0000002
ORD0001612,4305,CUS0000001
ORD0001613,1307,CUS0000002
ORD0001614,3683,CUS0000008
ORD0001615,851,CUS0000001
ORD0001616,1918,CUS0000001
ORD0001617,3795,CUS0000001
ORD0001618,2963,CUS0000002
ORD0001619,318,CUS0000002
ORD0001620,3498,CUS0000001
ORD0001621,536,CUS0000001
ORD0001622,3347,CUS0000005
ORD0001623,4212,CUS0000009
ORD0001624,3163,CUS0000001
ORD0001625,2031,CUS0000001
ORD0001626,3263,CUS0000003
ORD0001627,768,CUS0000004
ORD0001628,3171,CUS0000002
ORD0001629,1939,CUS0000005
ORD0001630,330,CUS0000003
ORD0001631,2710,CUS0000003
ORD0001632,911,CUS0000002
ORD0001633,2846,CUS0000001
ORD0001634,1296,CUS0000003
ORD0001635,1227,CUS0000003
ORD0001636,413,CUS0000001
ORD0001637,2450,CUS0000001
ORD0001638,3970,CUS0000001
ORD0001639,1236,CUS0000001
ORD0001640,3942,CUS0000006
ORD0001641,3774,CUS0000009
ORD0001642,143,CUS0000001
ORD0001643,749,CUS0000001
ORD0001644,255,CUS0000001
ORD0001645,2196,CUS0000001
ORD0001646,1866,CUS0000001
ORD0001647,1324,CUS0000002
ORD0001648,4595,CUS0000001
ORD0001649,4423,CUS0000003
ORD0001650,3567,CUS0000006
ORD0001651,1010,CUS0000004
ORD0001652,2460,CUS0000002
ORD0001653,2046,CUS0000010
ORD0001654,2567,CUS0000001
ORD0001655,1098,CUS0000003
ORD0001656,491,CUS0000004
ORD0001657,2053,CUS0000001
ORD0001658,3539,CUS0000001
ORD0001659,3844,CUS0000001
ORD0001660,614,CUS0000001
ORD0001661,1008,CUS0000001
ORD0001662,4194,CUS0000002
ORD0001663,4988,CUS0000001
ORD0001664,4491,CUS0000001
ORD0001665,234,CUS0000002
ORD0001666,4321,CUS0000001
ORD0001667,4810,CUS0000001
ORD0001668,2081,CUS0000001
ORD0001669,1276,CUS0000001
ORD0001670,2486,CUS0000002
ORD0001671,3616,CUS0000001
ORD0001672,112,CUS0000003
ORD0001673,2990,CUS0000001
ORD0001674,2070,CUS0000006
ORD0001675,4774,CUS0000001
ORD0001676,3512,CUS0000003
ORD0001677,1634,CUS0000007
ORD0001678,801,CUS0000004
ORD0001679,4388,CUS0000001
ORD0001680,3054,CUS0000002
ORD0001681,654,CUS0000002
ORD0001682,4409,CUS0000001
ORD0001683,4557,CUS0000003
ORD0001684,4256,CUS0000002
ORD0001685,4258,CUS0000001
ORD0001686,4639,CUS0000006
ORD0001687,266,CUS0000003
ORD0001688,3298,CUS0000002
ORD0001689,3951,CUS0000001
ORD0001690,456,CUS0000001
ORD0001691,3269,CUS0000001
ORD0001692,3158,CUS0000009
ORD0001693,2177,CUS0000001
ORD0001694,233,CUS0000003
ORD0001695,3025,CUS0000001
ORD0001696,653,CUS0000001
ORD0001697,2924,CUS0000004
ORD0001698,2075,CUS0000001
ORD0001699,949,CUS0000009
ORD0001700,4866,CUS0000003
ORD0001701,2823,CUS0000002
ORD0001702,1192,CUS0000001
ORD0001703,463,CUS0000001
ORD0001704,2986,CUS0000001
ORD0001705,4572,CUS0000001
ORD0001706,2873,CUS0000001
ORD0001707,1534,CUS0000001
ORD0001708,3906,CUS0000004
ORD0001709,4020,CUS0000001
ORD0001710,1593,CUS0000001
ORD0001711,1204,CUS0000002
ORD0001712,616,CUS0000001
ORD0001713,3849,CUS0000005
ORD0001714,402,CUS0000001
ORD0001715,2503,CUS0000001
ORD0001716,1751,CUS0000001
ORD0001717,458,CUS0000001
ORD0001718,1734,CUS0000001
ORD0001719,443,CUS0000001
ORD0001720,2685,CUS0000001
ORD0001721,2640,CUS0000002
ORD0001722,4322,CUS0000001
ORD0001723,3362,CUS0000001
ORD0001724,4548,CUS0000002
ORD0001725,3978,CUS0000006
ORD0001726,2175,CUS0000007
ORD0001727,399,CUS0000006
ORD0001728,1665,CUS0000004
ORD0001729,2443,CUS0000002
ORD0001730,3024,CUS0000003
ORD0001731,491,CUS0000001
ORD0001732,2819,CUS0000004
ORD0001733,2338,CUS0000001
ORD0001734,1119,CUS0000001
ORD0001735,3114,CUS0000003
ORD0001736,3679,CUS0000003
ORD0001737,3376,CUS0000001
ORD0001738,3702,CUS0000001
ORD0001739,3267,CUS0000001
ORD0001740,2877,CUS0000003
ORD0001741,1630,CUS0000002
ORD0001742,4164,CUS0000005
ORD0001743,4175,CUS0000007
ORD0001744,3109,CUS0000001
ORD0001745,4353,CUS0000002
ORD0001746,2284,CUS0000002
ORD0001747,776,CUS0000002
ORD0001748,3577,CUS0000001
ORD0001749,746,CUS0000001
ORD0001750,3627,CUS0000003
ORD0001751,1578,CUS0000007
ORD0001752,4568,CUS0000001
ORD0001753,2506,CUS0000001
ORD0001754,2731,CUS0000004
ORD0001755,940,CUS0000008
ORD0001756,755,CUS0000001
ORD0001757,2786,CUS0000001
ORD0001758,2521,CUS0000002
ORD0001759,2610,CUS0000001
ORD0001760,3752,CUS0000001
ORD0001761,3590,CUS0000002
ORD0001762,1465,CUS0000001
ORD0001763,3736,CUS0000002
ORD0001764,2979,CUS0000004
ORD0001765,3762,CUS0000004
ORD0001766,446,CUS0000002
ORD0001767,2988,CUS0000001
ORD0001768,3663,CUS0000002
ORD0001769,2349,CUS0000001
ORD0001770,569,CUS0000001
ORD0001771,714,CUS0000001
ORD0001772,3427,CUS0000001
ORD0001773,3076,CUS0000001
ORD0001774,4303,CUS0000001
ORD0001775,1410,CUS0000009
ORD0001776,355,CUS0000001
ORD0001777,1269,CUS0000005
ORD0001778,3689,CUS0000001
ORD0001779,385,CUS0000001
ORD0001780,1134,CUS0000007
ORD0001781,650,CUS0000001
ORD0001782,2033,CUS0000002
ORD0001783,3100,CUS0000001
ORD0001784,3066,CUS0000001
ORD0001785,3236,CUS0000001
ORD0001786,4746,CUS0000003
ORD0001787,365,CUS0000001
ORD0001788,1356,CUS0000005
ORD0001789,3785,CUS0000001
ORD0001790,3138,CUS0000002
ORD0001791,3147,CUS0000001
ORD0001792,3736,CUS0000002
ORD0001793,729,CUS0000001
ORD0001794,4801,CUS0000001
ORD0001795,1227,CUS0000001
ORD0001796,4437,CUS0000003
ORD0001797,3106,CUS0000005
ORD0001798,3360,CUS0000002
ORD0001799,2675,CUS0000001
ORD0001800,2383,CUS0000003
ORD0001801,2144,CUS0000001
ORD0001802,1029,CUS0000003
ORD0001803,312,CUS0000001
ORD0001804,1624,CUS0000001
ORD0001805,4188,CUS0000003
ORD0001806,4341,CUS0000005
ORD0001807,3270,CUS0000001
ORD0001808,4701,CUS0000003
ORD0001809,1064,CUS0000002
ORD0001810,2244,CUS0000001
ORD0001811,2232,CUS0000001
ORD0001812,3755,CUS0000001
ORD0001813,1857,CUS0000002
ORD0001814,2439,CUS0000001
ORD0001815,4123,CUS0000001
ORD0001816,1739,CUS0000001
ORD0001817,1104,CUS0000004
ORD0001818,1211,CUS0000001
ORD0001819,706,CUS0000002
ORD0001820,3803,CUS0000005
ORD0001821,1514,CUS0000001
ORD0001822,3746,CUS0000001
ORD0001823,819,CUS0000004
ORD0001824,2718,CUS0000001
ORD0001825,2946,CUS0000001
ORD0001826,631,CUS0000002
ORD0001827,4605,CUS0000001
ORD0001828,4541,CUS0000009
ORD0001829,2478,CUS0000002
ORD0001830,2557,CUS0000001
ORD0001831,1390,CUS0000001
ORD0001832,1526,CUS0000007
ORD0001833,3061,CUS0000006
ORD0001834,4267,CUS0000001
ORD0001835,1936,CUS0000002
ORD0001836,1094,CUS0000004
ORD0001837,1746,CUS0000002
ORD0001838,1237,CUS0000004
ORD0001839,2039,CUS0000002
ORD0001840,4147,CUS0000002
ORD0001841,315,CUS0000001
ORD0001842,3056,CUS0000001
ORD0001843,4638,CUS0000004
ORD0001844,4788,CUS0000001
ORD0001845,3122,CUS0000003
ORD0001846,3928,CUS0000001
ORD0001847,4619,CUS0000010
ORD0001848,1163,CUS0000001
ORD0001849,806,CUS0000001
ORD0001850,638,CUS0000007
ORD0001851,2633,CUS0000001
ORD0001852,3361,CUS0000002
ORD0001853,4021,CUS0000002
ORD0001854,4406,CUS0000002
ORD0001855,3465,CUS0000001
ORD0001856,3454,CUS0000003
ORD0001857,4809,CUS0000005
ORD0001858,704,CUS0000002
ORD0001859,1126,CUS0000001
ORD0001860,2697,CUS0000001
ORD0001861,707,CUS0000002
ORD0001862,3786,CUS0000001
ORD0001863,3916,CUS0000001
ORD0001864,4338,CUS0000004
ORD0001865,2922,CUS0000001
ORD0001866,1151,CUS0000001
ORD0001867,4616,CUS0000001
ORD0001868,4915,CUS0000003
ORD0001869,1590,CUS0000001
ORD0001870,1157,CUS0000001
ORD0001871,3644,CUS0000003
ORD0001872,4219,CUS0000001
ORD0001873,553,CUS0000001
ORD0001874,1117,CUS0000003
ORD0001875,4344,CUS0000005
ORD0001876,1353,CUS0000001
ORD0001877,2591,CUS0000001
ORD0001878,1448,CUS0000002
ORD0001879,1426,CUS0000006
ORD0001880,2743,CUS0000002
ORD0001881,1947,CUS0000002
ORD0001882,2934,CUS0000001
ORD0001883,4350,CUS0000001
ORD0001884,2426,CUS0000002
ORD0001885,746,CUS0000004
ORD0001886,2152,CUS0000001
ORD0001887,1708,CUS0000002
ORD0001888,4612,CUS0000004
ORD0001889,2348,CUS0000001
ORD0001890,1125,CUS0000002
ORD0001891,2580,CUS0000001
ORD0001892,4470,CUS0000001
ORD0001893,865,CUS0000001
ORD0001894,4217,CUS0000001
ORD0001895,1481,CUS0000001
ORD0001896,4948,CUS0000001
ORD0001897,4856,CUS0000009
ORD0001898,1363,CUS0000002
ORD0001899,1502,CUS0000002
ORD0001900,2865,CUS0000003
ORD0001901,4717,CUS0000006
ORD0001902,437,CUS0000005
ORD0001903,332,CUS0000001
ORD0001904,765,CUS0000001
ORD0001905,472,CUS0000001
ORD0001906,4824,CUS0000002
ORD0001907,2268,CUS0000007
ORD0001908,1826,CUS0000003
ORD0001909,4786,CUS0000001
ORD0001910,3512,CUS0000001
ORD0001911,348,CUS0000001
ORD0001912,4179,CUS0000003
ORD0001913,4569,CUS0000010
ORD0001914,2472,CUS0000001
ORD0001915,2574,CUS0000005
ORD0001916,4056,CUS0000007
ORD0001917,2106,CUS0000006
ORD0001918,3426,CUS0000001
ORD0001919,2536,CUS0000001
ORD0001920,3815,CUS0000002
ORD0001921,697,CUS0000003
ORD0001922,590,CUS0000001
ORD0001923,1394,CUS0000006
ORD0001924,3701,CUS0000006
ORD0001925,3504,CUS0000002
ORD0001926,4066,CUS0000002
ORD0001927,3904,CUS0000010
ORD0001928,1771,CUS0000001
ORD0001929,2886,CUS0000003
ORD0001930,1276,CUS0000001
ORD0001931,2660,CUS0000001
ORD0001932,2715,CUS0000001
ORD0001933,2929,CUS0000001
ORD0001934,3366,CUS0000004
ORD0001935,1171,CUS0000001
ORD0001936,3135,CUS0000001
ORD0001937,4318,CUS0000001
ORD0001938,4701,CUS0000001
ORD0001939,969,CUS0000003
ORD0001940,2714,CUS0000006
ORD0001941,2080,CUS0000007
ORD0001942,3921,CUS0000001
ORD0001943,1103,CUS0000006
ORD0001944,2291,CUS0000002
ORD0001945,3783,CUS0000001
ORD0001946,2130,CUS0000002
ORD0001947,1254,CUS0000001
ORD0001948,893,CUS0000001
ORD0001949,514,CUS0000002
ORD0001950,2477,CUS0000002
ORD0001951,3246,CUS0000008
ORD0001952,3525,CUS0000001
ORD0001953,2133,CUS0000001
ORD0001954,1408,CUS0000001
ORD0001955,2782,CUS0000002
ORD0001956,4832,CUS0000006
ORD0001957,2661,CUS0000002
ORD0001958,1655,CUS0000005
ORD0001959,1405,CUS0000001
ORD0001960,4181,CUS0000001
ORD0001961,4316,CUS0000001
ORD0001962,3924,CUS0000001
ORD0001963,4185,CUS0000001
ORD0001964,2627,CUS0000004
ORD0001965,4174,CUS0000003
ORD0001966,289,CUS0000010
ORD0001967,837,CUS0000001
ORD0001968,3321,CUS0000002
ORD0001969,4240,CUS0000002
ORD0001970,3845,CUS0000002
ORD0001971,2072,CUS0000001
ORD0001972,1862,CUS0000001
ORD0001973,4878,CUS0000001
ORD0001974,2990,CUS0000001
ORD0001975,498,CUS0000001
ORD0001976,514,CUS0000006
ORD0001977,2404,CUS0000001
ORD0001978,4154,CUS0000007
ORD0001979,4994,CUS0000010
ORD0001980,3955,CUS0000003
ORD0001981,2440,CUS0000007
ORD0001982,4496,CUS0000002
ORD0001983,166,CUS0000001
ORD0001984,980,CUS0000001
ORD0001985,3630,CUS0000005
ORD0001986,1197,CUS0000003
ORD0001987,2266,CUS0000001
ORD0001988,3096,CUS0000006
ORD0001989,3403,CUS0000008
ORD0001990,3097,CUS0000002
ORD0001991,470,CUS0000004
ORD0001992,3381,CUS0000001
ORD0001993,519,CUS0000004
ORD0001994,4771,CUS0000001
ORD0001995,4702,CUS0000001
ORD0001996,1694,CUS0000007
ORD0001997,3069,CUS0000002
ORD0001998,4632,CUS0000003
ORD0001999,2464,CUS0000002
ORD0002000,702,CUS0000004
ORD0002001,3264,CUS0000001
ORD0002002,4230,CUS0000001
ORD0002003,3789,CUS0000003
ORD0002004,4604,CUS0000005
ORD0002005,2391,CUS0000001
ORD0002006,1073,CUS0000001
ORD0002007,1154,CUS0000001
ORD0002008,892,CUS0000005
ORD0002009,3326,CUS0000010
ORD0002010,3157,CUS0000003
ORD0002011,2877,CUS0000001
ORD0002012,4669,CUS0000001
ORD0002013,3095,CUS0000001
ORD0002014,1281,CUS0000004
ORD0002015,1730,CUS0000003
ORD0002016,4270,CUS0000001
ORD0002017,3388,CUS0000002
ORD0002018,4196,CUS0000001
ORD0002019,429,CUS0000002
ORD0002020,471,CUS0000002
ORD0002021,418,CUS0000004
ORD0002022,1222,CUS0000003
ORD0002023,2828,CUS0000001
ORD0002024,3980,CUS0000007
ORD0002025,4354,CUS0000001
ORD0002026,3843,CUS0000007
ORD0002027,1320,CUS0000004
ORD0002028,4323,CUS0000001
ORD0002029,1245,CUS0000005
ORD0002030,2786,CUS0000002
ORD0002031,2709,CUS0000005
ORD0002032,1431,CUS0000001
ORD0002033,3319,CUS0000002
ORD0002034,2551,CUS0000001
ORD0002035,4963,CUS0000001
ORD0002036,2855,CUS0000001
ORD0002037,4255,CUS0000007
ORD0002038,4275,CUS0000002
ORD0002039,4460,CUS0000001
ORD0002040,4112,CUS0000001
ORD0002041,4711,CUS0000004
ORD0002042,2555,CUS0000003
ORD0002043,3990,CUS0000001
ORD0002044,236,CUS0000001
ORD0002045,3117,CUS0000005
ORD0002046,2813,CUS0000008
ORD0002047,997,CUS0000005
ORD0002048,3512,CUS0000003
ORD0002049,4881,CUS0000001
ORD0002050,2620,CUS0000001
ORD0002051,318,CUS0000002
ORD0002052,4989,CUS0000001
ORD0002053,3987,CUS0000001
ORD0002054,2275,CUS0000001
ORD0002055,4838,CUS0000001
ORD0002056,4831,CUS0000001
ORD0002057,1964,CUS0000002
ORD0002058,520,CUS0000002
ORD0002059,4880,CUS0000001
ORD0002060,4035,CUS0000002
ORD0002061,1496,CUS0000001
ORD0002062,4394,CUS0000001
ORD0002063,3214,CUS0000001
ORD0002064,1310,CUS0000001
ORD0002065,2084,CUS0000001
ORD0002066,358,CUS0000004
ORD0002067,4790,CUS0000001
ORD0002068,1000,CUS0000001
ORD0002069,1662,CUS0000001
ORD0002070,255,CUS0000001
ORD0002071,3712,CUS0000001
ORD0002072,2669,CUS0000005
ORD0002073,3530,CUS0000003
ORD0002074,1340,CUS0000001
ORD0002075,3482,CUS0000009
ORD0002076,1770,CUS0000001
ORD0002077,3461,CUS0000002
ORD0002078,4210,CUS0000001
ORD0002079,3963,CUS0000001
ORD0002080,610,CUS0000001
ORD0002081,1231,CUS0000001
ORD0002082,4349,CUS0000003
ORD0002083,1798,CUS0000003
ORD0002084,4694,CUS0000003
ORD0002085,2762,CUS0000001
ORD0002086,4018,CUS0000004
ORD0002087,4404,CUS0000001
ORD0002088,3186,CUS0000001
ORD0002089,2670,CUS0000001
ORD0002090,1518,CUS0000001
ORD0002091,3865,CUS0000002
ORD0002092,4467,CUS0000006
ORD0002093,2904,CUS0000004
ORD0002094,4575,CUS0000001
ORD0002095,3002,CUS0000003
ORD0002096,2265,CUS0000001
ORD0002097,4066,CUS0000001
ORD0002098,1675,CUS0000001
ORD0002099,2119,CUS0000001
ORD0002100,2385,CUS0000001
ORD0002101,4671,CUS0000006
ORD0002102,2545,CUS0000001
ORD0002103,1942,CUS0000003
ORD0002104,2538,CUS0000001
ORD0002105,2467,CUS0000004
ORD0002106,1798,CUS0000001
ORD0002107,4105,CUS0000001
ORD0002108,2697,CUS0000002
ORD0002109,4030,CUS0000001
ORD0002110,2957,CUS0000001
ORD0002111,4691,CUS0000002
ORD0002112,2340,CUS0000008
ORD0002113,2457,CUS0000002
ORD0002114,1098,CUS0000001
ORD0002115,4797,CUS0000002
ORD0002116,4549,CUS0000001
ORD0002117,3210,CUS0000003
ORD0002118,3332,CUS0000004
ORD0002119,2927,CUS0000001
ORD0002120,1299,CUS0000003
ORD0002121,2479,CUS0000006
ORD0002122,444,CUS0000003
ORD0002123,2456,CUS0000002
ORD0002124,747,CUS0000002
ORD0002125,2937,CUS0000002
ORD0002126,3723,CUS0000001
ORD0002127,2200,CUS0000001
ORD0002128,4024,CUS0000001
ORD0002129,1852,CUS0000002
ORD0002130,1755,CUS0000005
ORD0002131,4512,CUS0000001
ORD0002132,2321,CUS0000004
ORD0002133,4704,CUS0000006
ORD0002134,2325,CUS0000001
ORD0002135,1224,CUS0000001
ORD0002136,994,CUS0000003
ORD0002137,4907,CUS0000007
ORD0002138,2060,CUS0000001
ORD0002139,2086,CUS0000001
ORD0002140,515,CUS0000007
ORD0002141,4450,CUS0000001
ORD0002142,1948,CUS0000001
ORD0002143,2007,CUS0000001
ORD0002144,530,CUS0000001
ORD0002145,920,CUS0000001
ORD0002146,3485,CUS0000001
ORD0002147,2805,CUS0000003
ORD0002148,3969,CUS0000001
ORD0002149,923,CUS0000001
ORD0002150,1226,CUS0000001
ORD0002151,142,CUS0000004
ORD0002152,4608,CUS0000002
ORD0002153,1393,CUS0000001
ORD0002154,3433,CUS0000003
ORD0002155,3996,CUS0000001
ORD0002156,4011,CUS0000001
ORD0002157,1733,CUS0000001
ORD0002158,2453,CUS0000003
ORD0002159,2731,CUS0000003
ORD0002160,2438,CUS0000001
ORD0002161,584,CUS0000001
ORD0002162,832,CUS0000004
ORD0002163,4803,CUS0000002
ORD0002164,2002,CUS0000001
ORD0002165,4483,CUS0000003
ORD0002166,405,CUS0000004
ORD0002167,1534,CUS0000001
ORD0002168,3523,CUS0000002
ORD0002169,1540,CUS0000001
ORD0002170,397,CUS0000001
ORD0002171,3352,CUS0000002
ORD0002172,4158,CUS0000001
ORD0002173,1626,CUS0000001
ORD0002174,2471,CUS0000001
ORD0002175,406,CUS0000001
ORD0002176,175,CUS0000002
ORD0002177,2544,CUS0000001
ORD0002178,4752,CUS0000001
ORD0002179,979,CUS0000001
ORD0002180,2844,CUS0000009
ORD0002181,2431,CUS0000002
ORD0002182,3822,CUS0000001
ORD0002183,4550,CUS0000006
ORD0002184,4395,CUS0000002
ORD0002185,4146,CUS0000001
ORD0002186,1199,CUS0000001
ORD0002187,4230,CUS0000001
ORD0002188,3934,CUS0000001
ORD0002189,2335,CUS0000001
ORD0002190,1679,CUS0000002
ORD0002191,1022,CUS0000001
ORD0002192,2808,CUS0000001
ORD0002193,1431,CUS0000009
ORD0002194,3859,CUS0000001
ORD0002195,2207,CUS0000001
ORD0002196,1625,CUS0000001
ORD0002197,215,CUS0000002
ORD0002198,2861,CUS0000002
ORD0002199,2516,CUS0000001
ORD0002200,4751,CUS0000004
ORD0002201,1682,CUS0000009
ORD0002202,1537,CUS0000001
ORD0002203,3421,CUS0000001
ORD0002204,3603,CUS0000005
ORD0002205,4321,CUS0000001
ORD0002206,2786,CUS0000001
ORD0002207,810,CUS0000001
ORD0002208,3383,CUS0000002
ORD0002209,881,CUS0000001
ORD0002210,1613,CUS0000003
ORD0002211,1251,CUS0000002
ORD0002212,4011,CUS0000001
ORD0002213,2750,CUS0000003
ORD0002214,2132,CUS0000001
ORD0002215,155,CUS0000001
ORD0002216,2236,CUS0000001
ORD0002217,3242,CUS0000001
ORD0002218,2029,CUS0000001
ORD0002219,3759,CUS0000002
ORD0002220,2287,CUS0000001
ORD0002221,2800,CUS0000001
ORD0002222,2573,CUS0000003
ORD0002223,4871,CUS0000003
ORD0002224,4793,CUS0000004
ORD0002225,193,CUS0000002
ORD0002226,2242,CUS0000001
ORD0002227,3045,CUS0000002
ORD0002228,2035,CUS0000001
ORD0002229,608,CUS0000003
ORD0002230,1068,CUS0000002
ORD0002231,3912,CUS0000005
ORD0002232,2613,CUS0000010
ORD0002233,1408,CUS0000001
ORD0002234,3421,CUS0000001
ORD0002235,4216,CUS0000003
ORD0002236,2647,CUS0000001
ORD0002237,1061,CUS0000003
ORD0002238,2516,CUS0000001
ORD0002239,3110,CUS0000003
ORD0002240,1909,CUS0000001
ORD0002241,1895,CUS0000001
ORD0002242,1194,CUS0000009
ORD0002243,4017,CUS0000001
ORD0002244,1354,CUS0000001
ORD0002245,3827,CUS0000001
ORD0002246,3160,CUS0000004
ORD0002247,3506,CUS0000001
ORD0002248,4599,CUS0000003
ORD0002249,3957,CUS0000002
ORD0002250,4503,CUS0000001
ORD0002251,1889,CUS0000001
ORD0002252,2127,CUS0000001
ORD0002253,4980,CUS0000001
ORD0002254,770,CUS0000007
ORD0002255,4404,CUS0000002
ORD0002256,3759,CUS0000002
ORD0002257,4426,CUS0000002
ORD0002258,3063,CUS0000001
ORD0002259,739,CUS0000002
ORD0002260,4721,CUS0000001
ORD0002261,1019,CUS0000002
ORD0002262,605,CUS0000001
ORD0002263,4586,CUS0000002
ORD0002264,4240,CUS0000003
ORD0002265,1756,CUS0000002
ORD0002266,4791,CUS0000001
ORD0002267,4496,CUS0000001
ORD0002268,1327,CUS0000007
ORD0002269,1447,CUS0000007
ORD0002270,2787,CUS0000003
ORD0002271,4362,CUS0000005
ORD0002272,3719,CUS0000001
ORD0002273,1052,CUS0000002
ORD0002274,1782,CUS0000004
ORD0002275,4877,CUS0000001
ORD0002276,4104,CUS0000001
ORD0002277,844,CUS0000001
ORD0002278,4280,CUS0000001
ORD0002279,3749,CUS0000009
ORD0002280,555,CUS0000001
ORD0002281,3814,CUS0000001
ORD0002282,1180,CUS0000003
ORD0002283,4304,CUS0000002
ORD0002284,3503,CUS0000001
ORD0002285,3842,CUS0000001
ORD0002286,4719,CUS0000001
ORD0002287,572,CUS0000001
ORD0002288,4677,CUS0000001
ORD0002289,3887,CUS0000002
ORD0002290,2624,CUS0000001
ORD0002291,278,CUS0000002
ORD0002292,3343,CUS0000007
ORD0002293,2184,CUS0000001
ORD0002294,124,CUS0000004
ORD0002295,1885,CUS0000005
ORD0002296,4837,CUS0000002
ORD0002297,698,CUS0000001
ORD0002298,471,CUS0000002
ORD0002299,3570,CUS0000001
ORD0002300,2922,CUS0000001
ORD0002301,622,CUS0000002
ORD0002302,4533,CUS0000002
ORD0002303,593,CUS0000001
ORD0002304,665,CUS0000001
ORD0002305,3967,CUS0000003
ORD0002306,359,CUS0000001
ORD0002307,2451,CUS0000001
ORD0002308,3449,CUS0000001
ORD0002309,1574,CUS0000004
ORD0002310,1209,CUS0000002
ORD0002311,3543,CUS0000003
ORD0002312,3167,CUS0000001
ORD0002313,3233,CUS0000003
ORD0002314,3774,CUS0000002
ORD0002315,3192,CUS0000001
ORD0002316,3177,CUS0000004
ORD0002317,757,CUS0000005
ORD0002318,4517,CUS0000002
ORD0002319,1189,CUS0000001
ORD0002320,2948,CUS0000001
ORD0002321,1071,CUS0000004
ORD0002322,1562,CUS0000010
ORD0002323,4501,CUS0000001
ORD0002324,3319,CUS0000004
ORD0002325,4432,CUS0000001
ORD0002326,1143,CUS0000001
ORD0002327,1924,CUS0000005
ORD0002328,128,CUS0000001
ORD0002329,286,CUS0000006
ORD0002330,2544,CUS0000001
ORD0002331,3892,CUS0000002
ORD0002332,4560,CUS0000001
ORD0002333,3574,CUS0000002
ORD0002334,4457,CUS0000001
ORD0002335,3207,CUS0000001
ORD0002336,1981,CUS0000001
ORD0002337,2127,CUS0000002
ORD0002338,3873,CUS0000001
ORD0002339,2935,CUS0000001
ORD0002340,1370,CUS0000001
ORD0002341,2358,CUS0000001
ORD0002342,1644,CUS0000002
ORD0002343,1024,CUS0000002
ORD0002344,363,CUS0000006
ORD0002345,3534,CUS0000005
ORD0002346,228,CUS0000008
ORD0002347,2071,CUS0000008
ORD0002348,1788,CUS0000004
ORD0002349,651,CUS0000003
ORD0002350,926,CUS0000005
ORD0002351,4965,CUS0000002
ORD0002352,375,CUS0000001
ORD0002353,3757,CUS0000004
ORD0002354,4997,CUS0000003
ORD0002355,498,CUS0000002
ORD0002356,2104,CUS0000001
ORD0002357,462,CUS0000001
ORD0002358,3395,CUS0000001
ORD0002359,3695,CUS0000001
ORD0002360,2019,CUS0000001
ORD0002361,4521,CUS0000002
ORD0002362,1879,CUS0000003
ORD0002363,562,CUS0000001
ORD0002364,1247,CUS0000002
ORD0002365,4227,CUS0000010
ORD0002366,2469,CUS0000007
ORD0002367,2018,CUS0000001
ORD0002368,4819,CUS0000001
ORD0002369,2712,CUS0000003
ORD0002370,4830,CUS0000001
ORD0002371,4998,CUS0000001
ORD0002372,2726,CUS0000002
ORD0002373,2040,CUS0000001
ORD0002374,2572,CUS0000001
ORD0002375,1273,CUS0000001
ORD0002376,4370,CUS0000001
ORD0002377,1910,CUS0000001
ORD0002378,3487,CUS0000007
ORD0002379,2561,CUS0000002
ORD0002380,2354,CUS0000001
ORD0002381,599,CUS0000001
ORD0002382,4660,CUS0000001
ORD0002383,4946,CUS0000001
ORD0002384,1534,CUS0000003
ORD0002385,3599,CUS0000001
ORD0002386,4653,CUS0000002
ORD0002387,4160,CUS0000009
ORD0002388,484,CUS0000004
ORD0002389,2921,CUS0000005
ORD0002390,3222,CUS0000007
ORD0002391,4396,CUS0000010
ORD0002392,2711,CUS0000002
ORD0002393,3510,CUS0000001
ORD0002394,3444,CUS0000001
ORD0002395,1322,CUS0000005
ORD0002396,2556,CUS0000003
ORD0002397,3183,CUS0000004
ORD0002398,1606,CUS0000001
ORD0002399,4506,CUS0000001
ORD0002400,3979,CUS0000006
ORD0002401,2074,CUS0000001
ORD0002402,1946,CUS0000003
ORD0002403,2563,CUS0000005
ORD0002404,1282,CUS0000001
ORD0002405,3893,CUS0000001
ORD0002406,572,CUS0000005
ORD0002407,4707,CUS0000001
ORD0002408,3480,CUS0000002
ORD0002409,3512,CUS0000001
ORD0002410,4665,CUS0000001
ORD0002411,4441,CUS0000002
ORD0002412,1198,CUS0000009
ORD0002413,3281,CUS0000001
ORD0002414,2089,CUS0000002
ORD0002415,2188,CUS0000001
ORD0002416,1765,CUS0000004
ORD0002417,2805,CUS0000005
ORD0002418,747,CUS0000001
ORD0002419,3784,CUS0000003
ORD0002420,3139,CUS0000006
ORD0002421,857,CUS0000002
ORD0002422,4487,CUS0000008
ORD0002423,1660,CUS0000002
ORD0002424,522,CUS0000007
ORD0002425,2299,CUS0000001
ORD0002426,3189,CUS0000005
ORD0002427,423,CUS0000002
ORD0002428,696,CUS0000001
ORD0002429,1641,CUS0000004
ORD0002430,4913,CUS0000002
ORD0002431,4678,CUS0000003
ORD0002432,1877,CUS0000001
ORD0002433,4027,CUS0000001
ORD0002434,1811,CUS0000001
ORD0002435,2827,CUS0000001
ORD0002436,2583,CUS0000002
ORD0002437,225,CUS0000001
ORD0002438,1835,CUS0000003
ORD0002439,1656,CUS0000005
ORD0002440,1061,CUS0000001
ORD0002441,4023,CUS0000001
ORD0002442,2087,CUS0000001
ORD0002443,1775,CUS0000001
ORD0002444,3349,CUS0000002
ORD0002445,2060,CUS0000003
ORD0002446,4622,CUS0000002
ORD0002447,2734,CUS0000001
ORD0002448,2418,CUS0000001
ORD0002449,3218,CUS0000001
ORD0002450,3919,CUS0000003
ORD0002451,4471,CUS0000001
ORD0002452,3043,CUS0000002
ORD0002453,2626,CUS0000009
ORD0002454,2242,CUS0000003
ORD0002455,3046,CUS0000004
ORD0002456,4300,CUS0000001
ORD0002457,4173,CUS0000001
ORD0002458,3917,CUS0000001
ORD0002459,907,CUS0000003
ORD0002460,3946,CUS0000001
ORD0002461,2723,CUS0000004
ORD0002462,1764,CUS0000002
ORD0002463,3136,CUS0000006
ORD0002464,2663,CUS0000001
ORD0002465,3490,CUS0000003
ORD0002466,474,CUS0000001
ORD0002467,4708,CUS0000001
ORD0002468,1912,CUS0000003
ORD0002469,1295,CUS0000001
ORD0002470,232,CUS0000001
ORD0002471,2236,CUS0000001
ORD0002472,4632,CUS0000001
ORD0002473,4884,CUS0000001
ORD0002474,4844,CUS0000006
ORD0002475,3520,CUS0000001
ORD0002476,2518,CUS0000001
ORD0002477,1348,CUS0000003
ORD0002478,1707,CUS0000001
ORD0002479,2802,CUS0000001
ORD0002480,1984,CUS0000002
ORD0002481,3211,CUS0000001
ORD0002482,4767,CUS0000002
ORD0002483,2113,CUS0000001
ORD0002484,4190,CUS0000002
ORD0002485,4610,CUS0000004
ORD0002486,2865,CUS0000001
ORD0002487,2208,CUS0000004
ORD0002488,4102,CUS0000001
ORD0002489,4118,CUS0000002
ORD0002490,3875,CUS0000001
ORD0002491,1478,CUS0000003
ORD0002492,2985,CUS0000001
ORD0002493,1486,CUS0000004
ORD0002494,1246,CUS0000004
ORD0002495,4577,CUS0000001
ORD0002496,4100,CUS0000003
ORD0002497,1607,CUS0000002
ORD0002498,4541,CUS0000004
ORD0002499,581,CUS0000004
ORD0002500,4392,CUS0000001
ORD0002501,377,CUS0000003
ORD0002502,708,CUS0000001
ORD0002503,497,CUS0000001
ORD0002504,152,CUS0000001
ORD0002505,3478,CUS0000001
ORD0002506,1226,CUS0000002
ORD0002507,1995,CUS0000001
ORD0002508,656,CUS0000001
ORD0002509,1337,CUS0000002
ORD0002510,174,CUS0000001
ORD0002511,1891,CUS0000001
ORD0002512,4242,CUS0000002
ORD0002513,3835,CUS0000001
ORD0002514,3157,CUS0000003
ORD0002515,595,CUS0000002
ORD0002516,4058,CUS0000005
ORD0002517,4096,CUS0000001
ORD0002518,228,CUS0000001
ORD0002519,154,CUS0000001
ORD0002520,4459,CUS0000002
ORD0002521,4619,CUS0000001
ORD0002522,3469,CUS0000006
ORD0002523,197,CUS0000001
ORD0002524,237,CUS0000001
ORD0002525,4436,CUS0000001
ORD0002526,2350,CUS0000001
ORD0002527,4488,CUS0000004
ORD0002528,2448,CUS0000001
ORD0002529,240,CUS0000002
ORD0002530,4214,CUS0000001
ORD0002531,3627,CUS0000001
ORD0002532,1568,CUS0000004
ORD0002533,976,CUS0000001
ORD0002534,889,CUS0000001
ORD0002535,4395,CUS0000001
ORD0002536,1319,CUS0000003
ORD0002537,2074,CUS0000001
ORD0002538,1672,CUS0000009
ORD0002539,4412,CUS0000005
ORD0002540,2167,CUS0000003
ORD0002541,3003,CUS0000006
ORD0002542,2289,CUS0000002
ORD0002543,3351,CUS0000001
ORD0002544,747,CUS0000003
ORD0002545,3156,CUS0000008
ORD0002546,3426,CUS0000001
ORD0002547,3860,CUS0000001
ORD0002548,4728,CUS0000002
ORD0002549,2092,CUS0000007
ORD0002550,1950,CUS0000006
ORD0002551,2557,CUS0000008
ORD0002552,760,CUS0000007
ORD0002553,359,CUS0000001
ORD0002554,865,CUS0000009
ORD0002555,3420,CUS0000003
ORD0002556,3206,CUS0000001
ORD0002557,3189,CUS0000001
ORD0002558,4627,CUS0000008
ORD0002559,3999,CUS0000009
ORD0002560,559,CUS0000001
ORD0002561,177,CUS0000003
ORD0002562,1503,CUS0000004
ORD0002563,777,CUS0000001
ORD0002564,4194,CUS0000001
ORD0002565,3654,CUS0000001
ORD0002566,2813,CUS0000001
ORD0002567,4735,CUS0000006
ORD0002568,881,CUS0000001
ORD0002569,4426,CUS0000001
ORD0002570,448,CUS0000001
ORD0002571,1982,CUS0000001
ORD0002572,1831,CUS0000001
ORD0002573,4743,CUS0000001
ORD0002574,3995,CUS0000003
ORD0002575,2320,CUS0000005
ORD0002576,481,CUS0000001
ORD0002577,709,CUS0000001
ORD0002578,2396,CUS0000001
ORD0002579,4548,CUS0000001
ORD0002580,4716,CUS0000003
ORD0002581,369,CUS0000003
ORD0002582,1569,CUS0000006
ORD0002583,2676,CUS0000002
ORD0002584,228,CUS0000004
ORD0002585,1797,CUS0000003
ORD0002586,4908,CUS0000003
ORD0002587,1281,CUS0000001
ORD0002588,3362,CUS0000001
ORD0002589,730,CUS0000003
ORD0002590,2551,CUS0000001
ORD0002591,1430,CUS0000003
ORD0002592,4719,CUS0000006
ORD0002593,2069,CUS0000004
ORD0002594,4742,CUS0000003
ORD0002595,3287,CUS0000001
ORD0002596,4528,CUS0000001
ORD0002597,2817,CUS0000001
ORD0002598,3244,CUS0000001
ORD0002599,1246,CUS0000003
ORD0002600,742,CUS0000002
ORD0002601,4202,CUS0000001
ORD0002602,2933,CUS0000002
ORD0002603,539,CUS0000003
ORD0002604,900,CUS0000001
ORD0002605,3680,CUS0000001
ORD0002606,2001,CUS0000004
ORD0002607,722,CUS0000002
ORD0002608,2890,CUS0000003
ORD0002609,4979,CUS0000006
ORD0002610,3349,CUS0000002
ORD0002611,2773,CUS0000001
ORD0002612,342,CUS0000001
ORD0002613,2339,CUS0000001
ORD0002614,3790,CUS0000001
ORD0002615,4119,CUS0000001
ORD0002616,1968,CUS0000002
ORD0002617,3014,CUS0000001
ORD0002618,4630,CUS0000001
ORD0002619,3175,CUS0000001
ORD0002620,3637,CUS0000004
ORD0002621,1621,CUS0000001
ORD0002622,4899,CUS0000008
ORD0002623,3213,CUS0000001
ORD0002624,802,CUS0000001
ORD0002625,2519,CUS0000003
ORD0002626,2118,CUS0000004
ORD0002627,702,CUS0000001
ORD0002628,772,CUS0000001
ORD0002629,2295,CUS0000003
ORD0002630,1363,CUS0000001
ORD0002631,3212,CUS0000005
ORD0002632,1363,CUS0000004
ORD0002633,3291,CUS0000001
ORD0002634,2694,CUS0000001
ORD0002635,3054,CUS0000002
ORD0002636,972,CUS0000001
ORD0002637,849,CUS0000001
ORD0002638,142,CUS0000001
ORD0002639,2625,CUS0000008
ORD0002640,3743,CUS0000001
ORD0002641,3048,CUS0000003
ORD0002642,2309,CUS0000001
ORD0002643,937,CUS0000001
ORD0002644,1185,CUS0000002
ORD0002645,815,CUS0000002
ORD0002646,1635,CUS0000004
ORD0002647,3630,CUS0000001
ORD0002648,3776,CUS0000001
ORD0002649,4662,CUS0000001
ORD0002650,4644,CUS0000001
ORD0002651,4297,CUS0000002
ORD0002652,3442,CUS0000001
ORD0002653,946,CUS0000004
ORD0002654,315,CUS0000009
ORD0002655,834,CUS0000002
ORD0002656,2999,CUS0000001
ORD0002657,4640,CUS0000002
ORD0002658,862,CUS0000001
ORD0002659,4990,CUS0000001
ORD0002660,4999,CUS0000007
ORD0002661,2757,CUS0000002
ORD0002662,3255,CUS0000001
ORD0002663,201,CUS0000004
ORD0002664,2490,CUS0000003
ORD0002665,3489,CUS0000001
ORD0002666,3276,CUS0000001
ORD0002667,793,CUS0000001
ORD0002668,4683,CUS0000001
ORD0002669,2088,CUS0000001
ORD0002670,4785,CUS0000001
ORD0002671,4368,CUS0000006
ORD0002672,1489,CUS0000003
ORD0002673,3218,CUS0000001
ORD0002674,1488,CUS0000001
ORD0002675,1237,CUS0000001
ORD0002676,2302,CUS0000004
ORD0002677,2566,CUS0000002
ORD0002678,2298,CUS0000001
ORD0002679,4139,CUS0000001
ORD0002680,1295,CUS0000001
ORD0002681,618,CUS0000001
ORD0002682,1469,CUS0000002
ORD0002683,3660,CUS0000002
ORD0002684,2360,CUS0000001
ORD0002685,3549,CUS0000001
ORD0002686,2555,CUS0000003
ORD0002687,4066,CUS0000001
ORD0002688,730,CUS0000001
ORD0002689,3058,CUS0000001
ORD0002690,2161,CUS0000003
ORD0002691,2120,CUS0000002
ORD0002692,4161,CUS0000001
ORD0002693,4964,CUS0000001
ORD0002694,1701,CUS0000009
ORD0002695,3850,CUS0000003
ORD0002696,976,CUS0000001
ORD0002697,1209,CUS0000004
ORD0002698,2595,CUS0000004
ORD0002699,155,CUS0000003
ORD0002700,3341,CUS0000002
ORD0002701,2821,CUS0000001
ORD0002702,3212,CUS0000001
ORD0002703,2799,CUS0000001
ORD0002704,3706,CUS0000001
ORD0002705,2842,CUS0000009
ORD0002706,3627,CUS0000002
ORD0002707,4969,CUS0000005
ORD0002708,1215,CUS0000001
ORD0002709,2561,CUS0000009
ORD0002710,2726,CUS0000001
ORD0002711,1745,CUS0000007
ORD0002712,4024,CUS0000003
ORD0002713,2673,CUS0000001
ORD0002714,1555,CUS0000001
ORD0002715,3362,CUS0000008
ORD0002716,2714,CUS0000001
ORD0002717,2487,CUS0000002
ORD0002718,4122,CUS0000006
ORD0002719,4817,CUS0000004
ORD0002720,2085,CUS0000001
ORD0002721,2769,CUS0000001
ORD0002722,3180,CUS0000001
ORD0002723,2396,CUS0000001
ORD0002724,3318,CUS0000001
ORD0002725,3090,CUS0000002
ORD0002726,1032,CUS0000005
ORD0002727,4719,CUS0000001
ORD0002728,1736,CUS0000004
ORD0002729,4951,CUS0000001
ORD0002730,4569,CUS0000001
ORD0002731,1573,CUS0000003
ORD0002732,4606,CUS0000001
ORD0002733,320,CUS0000003
ORD0002734,3881,CUS0000004
ORD0002735,1817,CUS0000001
ORD0002736,3691,CUS0000002
ORD0002737,2486,CUS0000002
ORD0002738,666,CUS0000006
ORD0002739,3451,CUS0000002
ORD0002740,4190,CUS0000001
ORD0002741,1240,CUS0000001
ORD0002742,2580,CUS0000001
ORD0002743,2082,CUS0000001
ORD0002744,2169,CUS0000001
ORD0002745,1362,CUS0000001
ORD0002746,3566,CUS0000002
ORD0002747,3188,CUS0000009
ORD0002748,705,CUS0000001
ORD0002749,3778,CUS0000001
ORD0002750,4998,CUS0000001
ORD0002751,4025,CUS0000001
ORD0002752,4869,CUS0000001
ORD0002753,3383,CUS0000001
ORD0002754,4477,CUS0000003
ORD0002755,4250,CUS0000004
ORD0002756,3526,CUS0000002
ORD0002757,4553,CUS0000002
ORD0002758,401,CUS0000001
ORD0002759,3045,CUS0000001
ORD0002760,4498,CUS0000007
ORD0002761,4964,CUS0000001
ORD0002762,796,CUS0000001
ORD0002763,995,CUS0000001
ORD0002764,2133,CUS0000001
ORD0002765,3008,CUS0000001
ORD0002766,1462,CUS0000003
ORD0002767,462,CUS0000001
ORD0002768,4713,CUS0000003
ORD0002769,3373,CUS0000002
ORD0002770,2816,CUS0000001
ORD0002771,3626,CUS0000001
ORD0002772,967,CUS0000005
ORD0002773,186,CUS0000009
ORD0002774,907,CUS0000002
ORD0002775,2219,CUS0000002
ORD0002776,1918,CUS0000001
ORD0002777,4283,CUS0000001
ORD0002778,4349,CUS0000010
ORD0002779,4671,CUS0000001
ORD0002780,4855,CUS0000001
ORD0002781,4812,CUS0000001
ORD0002782,1910,CUS0000002
ORD0002783,3751,CUS0000001
ORD0002784,3164,CUS0000002
ORD0002785,3304,CUS0000001
ORD0002786,3893,CUS0000001
ORD0002787,4921,CUS0000001
ORD0002788,4199,CUS0000010
ORD0002789,1334,CUS0000001
ORD0002790,2925,CUS0000009
ORD0002791,301,CUS0000002
ORD0002792,4054,CUS0000001
ORD0002793,956,CUS0000001
ORD0002794,2520,CUS0000007
ORD0002795,3507,CUS0000001
ORD0002796,803,CUS0000002
ORD0002797,1050,CUS0000005
ORD0002798,1260,CUS0000001
ORD0002799,2953,CUS0000001
ORD0002800,2655,CUS0000010
ORD0002801,2910,CUS0000002
ORD0002802,3830,CUS0000001
ORD0002803,1794,CUS0000001
ORD0002804,4368,CUS0000004
ORD0002805,4056,CUS0000003
ORD0002806,2953,CUS0000001
ORD0002807,4000,CUS0000001
ORD0002808,899,CUS0000003
ORD0002809,3689,CUS0000001
ORD0002810,3806,CUS0000002
ORD0002811,2712,CUS0000001
ORD0002812,650,CUS0000001
ORD0002813,2559,CUS0000001
ORD0002814,466,CUS0000006
ORD0002815,1042,CUS0000008
ORD0002816,285,CUS0000003
ORD0002817,2910,CUS0000001
ORD0002818,995,CUS0000002
ORD0002819,1446,CUS0000001
ORD0002820,2098,CUS0000005
ORD0002821,4327,CUS0000001
ORD0002822,1529,CUS0000001
ORD0002823,4621,CUS0000004
ORD0002824,1411,CUS0000001
ORD0002825,2811,CUS0000007
ORD0002826,4686,CUS0000001
ORD0002827,3592,CUS0000001
ORD0002828,3885,CUS0000002
ORD0002829,1999,CUS0000001
ORD0002830,3418,CUS0000001
ORD0002831,1611,CUS0000001
ORD0002832,1626,CUS0000006
ORD0002833,3640,CUS0000001
ORD0002834,3340,CUS0000002
ORD0002835,339,CUS0000009
ORD0002836,1716,CUS0000001
ORD0002837,3782,CUS0000002
ORD0002838,4951,CUS0000002
ORD0002839,3618,CUS0000001
ORD0002840,3285,CUS0000002
ORD0002841,136,CUS0000010
ORD0002842,1859,CUS0000002
ORD0002843,1785,CUS0000003
ORD0002844,2380,CUS0000008
ORD0002845,612,CUS0000001
ORD0002846,4829,CUS0000001
ORD0002847,933,CUS0000002
ORD0002848,4498,CUS0000001
ORD0002849,1631,CUS0000001
ORD0002850,3096,CUS0000001
ORD0002851,2770,CUS0000003
ORD0002852,1714,CUS0000006
ORD0002853,3848,CUS0000002
ORD0002854,1033,CUS0000002
ORD0002855,2249,CUS0000005
ORD0002856,4109,CUS0000005
ORD0002857,4423,CUS0000001
ORD0002858,2667,CUS0000001
ORD0002859,4990,CUS0000005
ORD0002860,3283,CUS0000001
ORD0002861,3315,CUS0000007
ORD0002862,4908,CUS0000007
ORD0002863,1035,CUS0000001
ORD0002864,2950,CUS0000001
ORD0002865,2983,CUS0000006
ORD0002866,3850,CUS0000001
ORD0002867,1513,CUS0000001
ORD0002868,2536,CUS0000001
ORD0002869,4934,CUS0000002
ORD0002870,794,CUS0000010
ORD0002871,1197,CUS0000004
ORD0002872,2665,CUS0000009
ORD0002873,1065,CUS0000001
ORD0002874,2054,CUS0000001
ORD0002875,2601,CUS0000002
ORD0002876,1058,CUS0000001
ORD0002877,1599,CUS0000007
ORD0002878,3158,CUS0000001
ORD0002879,1258,CUS0000001
ORD0002880,4284,CUS0000008
ORD0002881,3282,CUS0000001
ORD0002882,3526,CUS0000001
ORD0002883,4985,CUS0000002
ORD0002884,1229,CUS0000005
ORD0002885,4808,CUS0000010
ORD0002886,3243,CUS0000005
ORD0002887,3565,CUS0000001
ORD0002888,1621,CUS0000001
ORD0002889,4086,CUS0000001
ORD0002890,4502,CUS0000003
ORD0002891,1519,CUS0000001
ORD0002892,4645,CUS0000004
ORD0002893,1466,CUS0000002
ORD0002894,4111,CUS0000002
ORD0002895,2466,CUS0000001
ORD0002896,1249,CUS0000001
ORD0002897,1632,CUS0000003
ORD0002898,2677,CUS0000001
ORD0002899,3794,CUS0000001
ORD0002900,539,CUS0000004
ORD0002901,3041,CUS0000003
ORD0002902,178,CUS0000001
ORD0002903,4069,CUS0000003
ORD0002904,1218,CUS0000002
ORD0002905,1698,CUS0000002
ORD0002906,3245,CUS0000001
ORD0002907,4700,CUS0000001
ORD0002908,4240,CUS0000001
ORD0002909,4154,CUS0000001
ORD0002910,3451,CUS0000004
ORD0002911,4128,CUS0000003
ORD0002912,3504,CUS0000001
ORD0002913,3736,CUS0000001
ORD0002914,4103,CUS0000001
ORD0002915,1470,CUS0000001
ORD0002916,777,CUS0000006
ORD0002917,4731,CUS0000004
ORD0002918,352,CUS0000001
ORD0002919,1906,CUS0000001
ORD0002920,2492,CUS0000002
ORD0002921,367,CUS0000001
ORD0002922,2351,CUS0000006
ORD0002923,1941,CUS0000001
ORD0002924,4504,CUS0000001
ORD0002925,2464,CUS0000001
ORD0002926,1477,CUS0000001
ORD0002927,3846,CUS0000001
ORD0002928,4733,CUS0000004
ORD0002929,4157,CUS0000003
ORD0002930,4603,CUS0000002
ORD0002931,4284,CUS0000002
ORD0002932,1027,CUS0000003
ORD0002933,4791,CUS0000001
ORD0002934,1035,CUS0000001
ORD0002935,2294,CUS0000001
ORD0002936,4549,CUS0000001
ORD0002937,3105,CUS0000001
ORD0002938,4540,CUS0000001
ORD0002939,440,CUS0000008
ORD0002940,3715,CUS0000001
ORD0002941,4575,CUS0000002
ORD0002942,1890,CUS0000001
ORD0002943,3582,CUS0000001
ORD0002944,938,CUS0000001
ORD0002945,2127,CUS0000003
ORD0002946,2538,CUS0000003
ORD0002947,364,CUS0000001
ORD0002948,3784,CUS0000001
ORD0002949,2252,CUS0000001
ORD0002950,2955,CUS0000002
ORD0002951,812,CUS0000001
ORD0002952,3696,CUS0000001
ORD0002953,1061,CUS0000001
ORD0002954,2041,CUS0000002
ORD0002955,1819,CUS0000001
ORD0002956,4916,CUS0000003
ORD0002957,2972,CUS0000003
ORD0002958,3607,CUS0000010
ORD0002959,1459,CUS0000001
ORD0002960,1240,CUS0000002
ORD0002961,1792,CUS0000001
ORD0002962,1795,CUS0000001
ORD0002963,586,CUS0000001
ORD0002964,4770,CUS0000005
ORD0002965,2973,CUS0000001
ORD0002966,4460,CUS0000001
ORD0002967,2402,CUS0000005
ORD0002968,4989,CUS0000001
ORD0002969,4513,CUS0000001
ORD0002970,1479,CUS0000002
ORD0002971,2751,CUS0000001
ORD0002972,2497,CUS0000006
ORD0002973,2470,CUS0000001
ORD0002974,4791,CUS0000008
ORD0002975,2290,CUS0000001
ORD0002976,4314,CUS0000001
ORD0002977,880,CUS0000001
ORD0002978,1210,CUS0000001
ORD0002979,3471,CUS0000004
ORD0002980,585,CUS0000004
ORD0002981,2371,CUS0000002
ORD0002982,1139,CUS0000001
ORD0002983,1187,CUS0000001
ORD0002984,2145,CUS0000006
ORD0002985,1298,CUS0000006
ORD0002986,2738,CUS0000005
ORD0002987,2127,CUS0000005
ORD0002988,3317,CUS0000004
ORD0002989,4109,CUS0000002
ORD0002990,1264,CUS0000001
ORD0002991,4830,CUS0000001
ORD0002992,2301,CUS0000002
ORD0002993,3493,CUS0000001
ORD0002994,3173,CUS0000001
ORD0002995,3802,CUS0000001
ORD0002996,718,CUS0000001
ORD0002997,862,CUS0000002
ORD0002998,3400,CUS0000002
ORD0002999,4323,CUS0000003
ORD0003000,2379,CUS0000005
ORD0003001,3123,CUS0000009
ORD0003002,3824,CUS0000001
ORD0003003,4098,CUS0000002
ORD0003004,2781,CUS0000001
ORD0003005,4867,CUS0000001
ORD0003006,120,CUS0000003
ORD0003007,863,CUS0000003
ORD0003008,3855,CUS0000002
ORD0003009,3034,CUS0000001
ORD0003010,618,CUS0000003
ORD0003011,4478,CUS0000001
ORD0003012,3358,CUS0000001
ORD0003013,1884,CUS0000002
ORD0003014,3619,CUS0000002
ORD0003015,1835,CUS0000001
ORD0003016,4152,CUS0000001
ORD0003017,2299,CUS0000004
ORD0003018,2744,CUS0000001
ORD0003019,2423,CUS0000006
ORD0003020,2866,CUS0000002
ORD0003021,4583,CUS0000001
ORD0003022,4834,CUS0000001
ORD0003023,1169,CUS0000002
ORD0003024,4737,CUS0000002
ORD0003025,4075,CUS0000001
ORD0003026,2915,CUS0000002
ORD0003027,496,CUS0000004
ORD0003028,476,CUS0000001
ORD0003029,915,CUS0000002
ORD0003030,3864,CUS0000001
ORD0003031,233,CUS0000001
ORD0003032,1117,CUS0000001
ORD0003033,1394,CUS0000001
ORD0003034,3715,CUS0000002
ORD0003035,3839,CUS0000001
ORD0003036,105,CUS0000001
ORD0003037,3604,CUS0000002
ORD0003038,1757,CUS0000002
ORD0003039,1180,CUS0000005
ORD0003040,2572,CUS0000001
ORD0003041,1402,CUS0000006
ORD0003042,2344,CUS0000004
ORD0003043,864,CUS0000001
ORD0003044,3052,CUS0000004
ORD0003045,2151,CUS0000002
ORD0003046,775,CUS0000001
ORD0003047,3146,CUS0000001
ORD0003048,1455,CUS0000003
ORD0003049,524,CUS0000002
ORD0003050,3346,CUS0000001
ORD0003051,2602,CUS0000001
ORD0003052,2018,CUS0000002
ORD0003053,3616,CUS0000002
ORD0003054,847,CUS0000008
ORD0003055,879,CUS0000001
ORD0003056,108,CUS0000005
ORD0003057,1848,CUS0000001
ORD0003058,4006,CUS0000001
ORD0003059,738,CUS0000002
ORD0003060,1187,CUS0000001
ORD0003061,4963,CUS0000001
ORD0003062,1952,CUS0000009
ORD0003063,4355,CUS0000008
ORD0003064,3745,CUS0000001
ORD0003065,176,CUS0000001
ORD0003066,166,CUS0000009
ORD0003067,2914,CUS0000001
ORD0003068,1087,CUS0000001
ORD0003069,3559,CUS0000001
ORD0003070,1182,CUS0000001
ORD0003071,4013,CUS0000001
ORD0003072,680,CUS0000007
ORD0003073,1975,CUS0000001
ORD0003074,3238,CUS0000002
ORD0003075,831,CUS0000002
ORD0003076,939,CUS0000001
ORD0003077,945,CUS0000004
ORD0003078,2666,CUS0000003
ORD0003079,3111,CUS0000001
ORD0003080,2551,CUS0000002
ORD0003081,1223,CUS0000001
ORD0003082,3235,CUS0000002
ORD0003083,1190,CUS0000001
ORD0003084,1270,CUS0000001
ORD0003085,660,CUS0000002
ORD0003086,4445,CUS0000002
ORD0003087,4714,CUS0000001
ORD0003088,169,CUS0000001
ORD0003089,1444,CUS0000003
ORD0003090,3705,CUS0000004
ORD0003091,2976,CUS0000005
ORD0003092,1845,CUS0000002
ORD0003093,1340,CUS0000001
ORD0003094,3472,CUS0000008
ORD0003095,3724,CUS0000009
ORD0003096,1879,CUS0000002
ORD0003097,810,CUS0000004
ORD0003098,923,CUS0000004
ORD0003099,1246,CUS0000001
ORD0003100,1108,CUS0000007
ORD0003101,4929,CUS0000001
ORD0003102,3245,CUS0000005
ORD0003103,2979,CUS0000001
ORD0003104,3617,CUS0000001
ORD0003105,2676,CUS0000001
ORD0003106,1245,CUS0000001
ORD0003107,2129,CUS0000003
ORD0003108,2368,CUS0000001
ORD0003109,790,CUS0000001
ORD0003110,2132,CUS0000001
ORD0003111,4633,CUS0000001
ORD0003112,2434,CUS0000003
ORD0003113,319,CUS0000001
ORD0003114,2571,CUS0000009
ORD0003115,1783,CUS0000001
ORD0003116,4341,CUS0000004
ORD0003117,4274,CUS0000009
ORD0003118,1645,CUS0000003
ORD0003119,3309,CUS0000001
ORD0003120,2521,CUS0000003
ORD0003121,547,CUS0000001
ORD0003122,2060,CUS0000003
ORD0003123,4154,CUS0000001
ORD0003124,3261,CUS0000001
ORD0003125,1023,CUS0000001
ORD0003126,2074,CUS0000004
ORD0003127,4192,CUS0000001
ORD0003128,4965,CUS0000002
ORD0003129,681,CUS0000001
ORD0003130,4427,CUS0000001
ORD0003131,198,CUS0000002
ORD0003132,3058,CUS0000005
ORD0003133,2692,CUS0000001
ORD0003134,1181,CUS0000001
ORD0003135,3268,CUS0000001
ORD0003136,4756,CUS0000001
ORD0003137,3547,CUS0000003
ORD0003138,3093,CUS0000001
ORD0003139,4575,CUS0000009
ORD0003140,1515,CUS0000001
ORD0003141,3958,CUS0000002
ORD0003142,697,CUS0000003
ORD0003143,236,CUS0000006
ORD0003144,4911,CUS0000001
ORD0003145,653,CUS0000001
ORD0003146,212,CUS0000002
ORD0003147,2247,CUS0000001
ORD0003148,1867,CUS0000001
ORD0003149,426,CUS0000002
ORD0003150,595,CUS0000001
ORD0003151,3360,CUS0000001
ORD0003152,4250,CUS0000007
ORD0003153,2446,CUS0000001
ORD0003154,4204,CUS0000001
ORD0003155,3503,CUS0000003
ORD0003156,3569,CUS0000001
ORD0003157,3395,CUS0000004
ORD0003158,775,CUS0000001
ORD0003159,4495,CUS0000001
ORD0003160,4504,CUS0000001
ORD0003161,1350,CUS0000001
ORD0003162,2373,CUS0000001
ORD0003163,784,CUS0000001
ORD0003164,2638,CUS0000001
ORD0003165,747,CUS0000002
ORD0003166,4288,CUS0000003
ORD0003167,1764,CUS0000001
ORD0003168,1372,CUS0000002
ORD0003169,4494,CUS0000001
ORD0003170,2776,CUS0000001
ORD0003171,3300,CUS0000003
ORD0003172,4904,CUS0000001
ORD0003173,641,CUS0000004
ORD0003174,2640,CUS0000003
ORD0003175,3683,CUS0000001
ORD0003176,2054,CUS0000005
ORD0003177,574,CUS0000006
ORD0003178,2102,CUS0000001
ORD0003179,806,CUS0000006
ORD0003180,3659,CUS0000001
ORD0003181,1050,CUS0000001
ORD0003182,3814,CUS0000001
ORD0003183,550,CUS0000001
ORD0003184,2633,CUS0000002
ORD0003185,1538,CUS0000003
ORD0003186,1078,CUS0000001
ORD0003187,203,CUS0000003
ORD0003188,1224,CUS0000001
ORD0003189,192,CUS0000001
ORD0003190,1442,CUS0000001
ORD0003191,4166,CUS0000001
ORD0003192,2940,CUS0000001
ORD0003193,4384,CUS0000001
ORD0003194,4337,CUS0000002
ORD0003195,2223,CUS0000006
ORD0003196,1467,CUS0000002
ORD0003197,3146,CUS0000001
ORD0003198,1139,CUS0000001
ORD0003199,2301,CUS0000001
ORD0003200,1067,CUS0000002
ORD0003201,340,CUS0000004
ORD0003202,2844,CUS0000004
ORD0003203,3617,CUS0000001
ORD0003204,2328,CUS0000002
ORD0003205,4391,CUS0000002
ORD0003206,623,CUS0000003
ORD0003207,2254,CUS0000002
ORD0003208,4823,CUS0000009
ORD0003209,731,CUS0000004
ORD0003210,4164,CUS0000002
ORD0003211,3828,CUS0000004
ORD0003212,4284,CUS0000005
ORD0003213,3050,CUS0000001
ORD0003214,554,CUS0000007
ORD0003215,4192,CUS0000002
ORD0003216,4743,CUS0000010
ORD0003217,1467,CUS0000003
ORD0003218,3112,CUS0000003
ORD0003219,1388,CUS0000001
ORD0003220,2189,CUS0000001
ORD0003221,942,CUS0000001
ORD0003222,4801,CUS0000005
ORD0003223,1044,CUS0000003
ORD0003224,1971,CUS0000002
ORD0003225,4268,CUS0000001
ORD0003226,121,CUS0000002
ORD0003227,460,CUS0000001
ORD0003228,200,CUS0000002
ORD0003229,2103,CUS0000003
ORD0003230,476,CUS0000004
ORD0003231,3964,CUS0000001
ORD0003232,3081,CUS0000001
ORD0003233,3237,CUS0000002
ORD0003234,1329,CUS0000001
ORD0003235,1566,CUS0000004
ORD0003236,389,CUS0000001
ORD0003237,4629,CUS0000001
ORD0003238,3535,CUS0000001
ORD0003239,1939,CUS0000001
ORD0003240,2736,CUS0000001
ORD0003241,2133,CUS0000002
ORD0003242,3509,CUS0000001
ORD0003243,2720,CUS0000001
ORD0003244,2322,CUS0000002
ORD0003245,738,CUS0000003
ORD0003246,4782,CUS0000002
ORD0003247,3154,CUS0000001
ORD0003248,1078,CUS0000005
ORD0003249,4212,CUS0000005
ORD0003250,531,CUS0000001
ORD0003251,1569,CUS0000003
ORD0003252,1928,CUS0000001
ORD0003253,4325,CUS0000001
ORD0003254,476,CUS0000001
ORD0003255,3384,CUS0000002
ORD0003256,664,CUS0000005
ORD0003257,3910,CUS0000004
ORD0003258,2412,CUS0000002
ORD0003259,2645,CUS0000008
ORD0003260,2781,CUS0000001
ORD0003261,807,CUS0000001
ORD0003262,4630,CUS0000001
ORD0003263,3841,CUS0000001
ORD0003264,165,CUS0000001
ORD0003265,3122,CUS0000001
ORD0003266,1743,CUS0000001
ORD0003267,2488,CUS0000007
ORD0003268,4718,CUS0000001
ORD0003269,2589,CUS0000001
ORD0003270,2087,CUS0000001
ORD0003271,3900,CUS0000006
ORD0003272,3116,CUS0000001
ORD0003273,4947,CUS0000004
ORD0003274,4141,CUS0000001
ORD0003275,1700,CUS0000001
ORD0003276,4577,CUS0000003
ORD0003277,2108,CUS0000003
ORD0003278,1333,CUS0000001
ORD0003279,152,CUS0000001
ORD0003280,3459,CUS0000001
ORD0003281,295,CUS0000001
ORD0003282,2008,CUS0000001
ORD0003283,4536,CUS0000004
ORD0003284,2937,CUS0000001
ORD0003285,178,CUS0000001
ORD0003286,2844,CUS0000006
ORD0003287,111,CUS0000003
ORD0003288,3182,CUS0000001
ORD0003289,2619,CUS0000003
ORD0003290,951,CUS0000001
ORD0003291,1780,CUS0000001
ORD0003292,4440,CUS0000002
ORD0003293,2051,CUS0000003
ORD0003294,3539,CUS0000001
ORD0003295,4130,CUS0000001
ORD0003296,590,CUS0000010
ORD0003297,1266,CUS0000004
ORD0003298,2392,CUS0000001
ORD0003299,862,CUS0000001
ORD0003300,459,CUS0000001
ORD0003301,1996,CUS0000001
ORD0003302,4357,CUS0000001
ORD0003303,3483,CUS0000004
ORD0003304,3151,CUS0000001
ORD0003305,3855,CUS0000005
ORD0003306,795,CUS0000001
ORD0003307,4857,CUS0000008
ORD0003308,882,CUS0000004
ORD0003309,4240,CUS0000001
ORD0003310,1193,CUS0000005
ORD0003311,3330,CUS0000001
ORD0003312,713,CUS0000010
ORD0003313,4948,CUS0000001
ORD0003314,4751,CUS0000002
ORD0003315,610,CUS0000001
ORD0003316,3663,CUS0000001
ORD0003317,1170,CUS0000008
ORD0003318,2039,CUS0000001
ORD0003319,2489,CUS0000002
ORD0003320,2238,CUS0000001
ORD0003321,2680,CUS0000001
ORD0003322,3319,CUS0000001
ORD0003323,2772,CUS0000002
ORD0003324,2705,CUS0000001
ORD0003325,3808,CUS0000001
ORD0003326,2327,CUS0000003
ORD0003327,2013,CUS0000003
ORD0003328,711,CUS0000001
ORD0003329,1760,CUS0000004
ORD0003330,1215,CUS0000005
ORD0003331,4889,CUS0000002
ORD0003332,992,CUS0000001
ORD0003333,1373,CUS0000001
ORD0003334,965,CUS0000001
ORD0003335,1446,CUS0000001
ORD0003336,3782,CUS0000007
ORD0003337,3917,CUS0000008
ORD0003338,2672,CUS0000003
ORD0003339,3430,CUS0000004
ORD0003340,1089,CUS0000001
ORD0003341,4490,CUS0000005
ORD0003342,3035,CUS0000001
ORD0003343,1800,CUS0000001
ORD0003344,3802,CUS0000001
ORD0003345,2625,CUS0000001
ORD0003346,3895,CUS0000002
ORD0003347,2270,CUS0000006
ORD0003348,1082,CUS0000001
ORD0003349,840,CUS0000001
ORD0003350,1391,CUS0000004
ORD0003351,2592,CUS0000001
ORD0003352,430,CUS0000006
ORD0003353,1861,CUS0000001
ORD0003354,2785,CUS0000005
ORD0003355,1315,CUS0000006
ORD0003356,847,CUS0000001
ORD0003357,2133,CUS0000001
ORD0003358,3014,CUS0000002
ORD0003359,3346,CUS0000002
ORD0003360,4306,CUS0000001
ORD0003361,501,CUS0000001
ORD0003362,2548,CUS0000006
ORD0003363,2231,CUS0000001
ORD0003364,1524,CUS0000010
ORD0003365,354,CUS0000001
ORD0003366,3412,CUS0000001
ORD0003367,3804,CUS0000009
ORD0003368,4654,CUS0000005
ORD0003369,4606,CUS0000002
ORD0003370,2146,CUS0000001
ORD0003371,875,CUS0000002
ORD0003372,3885,CUS0000002
ORD0003373,934,CUS0000001
ORD0003374,1245,CUS0000001
ORD0003375,1094,CUS0000006
ORD0003376,197,CUS0000001
ORD0003377,605,CUS0000002
ORD0003378,1920,CUS0000001
ORD0003379,1170,CUS0000002
ORD0003380,1723,CUS0000003
ORD0003381,3381,CUS0000001
ORD0003382,3149,CUS0000003
ORD0003383,788,CUS0000005
ORD0003384,4870,CUS0000001
ORD0003385,4901,CUS0000001
ORD0003386,2220,CUS0000001
ORD0003387,714,CUS0000007
ORD0003388,278,CUS0000001
ORD0003389,628,CUS0000001
ORD0003390,1719,CUS0000001
ORD0003391,3732,CUS0000001
ORD0003392,1155,CUS0000006
ORD0003393,853,CUS0000001
ORD0003394,2816,CUS0000001
ORD0003395,1103,CUS0000001
ORD0003396,449,CUS0000002
ORD0003397,3876,CUS0000001
ORD0003398,514,CUS0000009
ORD0003399,1476,CUS0000002
ORD0003400,4801,CUS0000002
ORD0003401,3648,CUS0000002
ORD0003402,3335,CUS0000006
ORD0003403,4164,CUS0000003
ORD0003404,341,CUS0000001
ORD0003405,3235,CUS0000001
ORD0003406,3595,CUS0000002
ORD0003407,1515,CUS0000002
ORD0003408,2999,CUS0000007
ORD0003409,1858,CUS0000001
ORD0003410,1633,CUS0000006
ORD0003411,2352,CUS0000001
ORD0003412,2392,CUS0000001
ORD0003413,3753,CUS0000001
ORD0003414,1317,CUS0000001
ORD0003415,383,CUS0000001
ORD0003416,2113,CUS0000001
ORD0003417,2517,CUS0000004
ORD0003418,4186,CUS0000001
ORD0003419,3475,CUS0000001
ORD0003420,4611,CUS0000002
ORD0003421,4024,CUS0000001
ORD0003422,599,CUS0000001
ORD0003423,818,CUS0000002
ORD0003424,2391,CUS0000004
ORD0003425,3237,CUS0000002
ORD0003426,1224,CUS0000001
ORD0003427,3534,CUS0000001
ORD0003428,1733,CUS0000002
ORD0003429,4407,CUS0000002
ORD0003430,2141,CUS0000001
ORD0003431,4553,CUS0000001
ORD0003432,259,CUS0000003
ORD0003433,3233,CUS0000007
ORD0003434,3041,CUS0000001
ORD0003435,4029,CUS0000006
ORD0003436,4560,CUS0000001
ORD0003437,4070,CUS0000004
ORD0003438,2918,CUS0000001
ORD0003439,4733,CUS0000002
ORD0003440,4215,CUS0000002
ORD0003441,2734,CUS0000002
ORD0003442,3281,CUS0000001
ORD0003443,2315,CUS0000002
ORD0003444,1573,CUS0000001
ORD0003445,313,CUS0000001
ORD0003446,2712,CUS0000002
ORD0003447,4991,CUS0000008
ORD0003448,1894,CUS0000001
ORD0003449,340,CUS0000001
ORD0003450,2401,CUS0000001
ORD0003451,579,CUS0000001
ORD0003452,3964,CUS0000002
ORD0003453,4437,CUS0000001
ORD0003454,3028,CUS0000005
ORD0003455,4884,CUS0000001
ORD0003456,2006,CUS0000001
ORD0003457,1407,CUS0000010
ORD0003458,920,CUS0000001
ORD0003459,2130,CUS0000005
ORD0003460,2075,CUS0000002
ORD0003461,2283,CUS0000001
ORD0003462,4471,CUS0000007
ORD0003463,558,CUS0000010
ORD0003464,1897,CUS0000001
ORD0003465,4816,CUS0000005
ORD0003466,3281,CUS0000001
ORD0003467,3006,CUS0000001
ORD0003468,1523,CUS0000003
ORD0003469,1542,CUS0000001
ORD0003470,2037,CUS0000002
ORD0003471,4953,CUS0000001
ORD0003472,2705,CUS0000005
ORD0003473,3039,CUS0000002
ORD0003474,4946,CUS0000004
ORD0003475,331,CUS0000001
ORD0003476,2980,CUS0000001
ORD0003477,4750,CUS0000008
ORD0003478,4717,CUS0000002
ORD0003479,1264,CUS0000001
ORD0003480,4712,CUS0000001
ORD0003481,1642,CUS0000001
ORD0003482,4132,CUS0000002
ORD0003483,4541,CUS0000002
ORD0003484,2631,CUS0000005
ORD0003485,1538,CUS0000003
ORD0003486,4117,CUS0000001
ORD0003487,410,CUS0000007
ORD0003488,839,CUS0000002
ORD0003489,560,CUS0000005
ORD0003490,2005,CUS0000001
ORD0003491,1892,CUS0000008
ORD0003492,263,CUS0000008
ORD0003493,4412,CUS0000001
ORD0003494,4015,CUS0000006
ORD0003495,105,CUS0000009
ORD0003496,2817,CUS0000006
ORD0003497,1750,CUS0000001
ORD0003498,1168,CUS0000001
ORD0003499,2891,CUS0000007
ORD0003500,1553,CUS0000001
ORD0003501,2750,CUS0000001
ORD0003502,587,CUS0000002
ORD0003503,279,CUS0000001
ORD0003504,1310,CUS0000007
ORD0003505,4905,CUS0000002
ORD0003506,1260,CUS0000008
ORD0003507,1008,CUS0000001
ORD0003508,4411,CUS0000001
ORD0003509,3089,CUS0000001
ORD0003510,694,CUS0000004
ORD0003511,3160,CUS0000003
ORD0003512,3340,CUS0000004
ORD0003513,4900,CUS0000008
ORD0003514,927,CUS0000001
ORD0003515,2857,CUS0000004
ORD0003516,2572,CUS0000002
ORD0003517,2742,CUS0000001
ORD0003518,1217,CUS0000001
ORD0003519,1390,CUS0000004
ORD0003520,3678,CUS0000001
ORD0003521,4091,CUS0000008
ORD0003522,2699,CUS0000001
ORD0003523,1527,CUS0000006
ORD0003524,4703,CUS0000001
ORD0003525,3023,CUS0000003
ORD0003526,1928,CUS0000008
ORD0003527,4924,CUS0000001
ORD0003528,1536,CUS0000001
ORD0003529,3199,CUS0000002
ORD0003530,2613,CUS0000003
ORD0003531,2512,CUS0000001
ORD0003532,1143,CUS0000001
ORD0003533,1555,CUS0000001
ORD0003534,114,CUS0000001
ORD0003535,4792,CUS0000002
ORD0003536,3307,CUS0000001
ORD0003537,4748,CUS0000002
ORD0003538,365,CUS0000001
ORD0003539,1591,CUS0000001
ORD0003540,2706,CUS0000003
ORD0003541,1909,CUS0000001
ORD0003542,4732,CUS0000001
ORD0003543,952,CUS0000009
ORD0003544,4164,CUS0000006
ORD0003545,1252,CUS0000001
ORD0003546,2812,CUS0000001
ORD0003547,737,CUS0000010
ORD0003548,2049,CUS0000001
ORD0003549,2941,CUS0000006
ORD0003550,2717,CUS0000001
ORD0003551,1475,CUS0000001
ORD0003552,826,CUS0000002
ORD0003553,2850,CUS0000005
ORD0003554,3758,CUS0000003
ORD0003555,193,CUS0000004
ORD0003556,2272,CUS0000003
ORD0003557,1817,CUS0000001
ORD0003558,2144,CUS0000001
ORD0003559,655,CUS0000010
ORD0003560,2971,CUS0000002
ORD0003561,2202,CUS0000002
ORD0003562,985,CUS0000001
ORD0003563,110,CUS0000005
ORD0003564,494,CUS0000002
ORD0003565,3261,CUS0000004
ORD0003566,3689,CUS0000008
ORD0003567,3537,CUS0000001
ORD0003568,1462,CUS0000002
ORD0003569,3491,CUS0000005
ORD0003570,4139,CUS0000001
ORD0003571,3202,CUS0000003
ORD0003572,2977,CUS0000001
ORD0003573,4573,CUS0000001
ORD0003574,3174,CUS0000002
ORD0003575,930,CUS0000001
ORD0003576,4027,CUS0000004
ORD0003577,4835,CUS0000009
ORD0003578,1947,CUS0000001
ORD0003579,1432,CUS0000001
ORD0003580,3796,CUS0000004
ORD0003581,703,CUS0000001
ORD0003582,373,CUS0000001
ORD0003583,2515,CUS0000002
ORD0003584,264,CUS0000002
ORD0003585,2710,CUS0000001
ORD0003586,2239,CUS0000004
ORD0003587,957,CUS0000003
ORD0003588,707,CUS0000002
ORD0003589,2900,CUS0000004
ORD0003590,1493,CUS0000001
ORD0003591,3175,CUS0000002
ORD0003592,1418,CUS0000007
ORD0003593,714,CUS0000001
ORD0003594,4581,CUS0000002
ORD0003595,862,CUS0000002
ORD0003596,2868,CUS0000004
ORD0003597,4966,CUS0000008
ORD0003598,4054,CUS0000002
ORD0003599,353,CUS0000001
ORD0003600,3633,CUS0000003
ORD0003601,1451,CUS0000001
ORD0003602,3656,CUS0000002
ORD0003603,1386,CUS0000006
ORD0003604,538,CUS0000001
ORD0003605,929,CUS0000001
ORD0003606,2812,CUS0000003
ORD0003607,1783,CUS0000001
ORD0003608,1656,CUS0000004
ORD0003609,3452,CUS0000005
ORD0003610,4639,CUS0000002
ORD0003611,4524,CUS0000002
ORD0003612,2273,CUS0000007
ORD0003613,2406,CUS0000004
ORD0003614,2536,CUS0000002
ORD0003615,2045,CUS0000004
ORD0003616,885,CUS0000002
ORD0003617,506,CUS0000001
ORD0003618,3318,CUS0000002
ORD0003619,4783,CUS0000001
ORD0003620,4602,CUS0000008
ORD0003621,4121,CUS0000001
ORD0003622,1358,CUS0000007
ORD0003623,546,CUS0000004
ORD0003624,3055,CUS0000003
ORD0003625,131,CUS0000005
ORD0003626,3602,CUS0000001
ORD0003627,817,CUS0000004
ORD0003628,2512,CUS0000001
ORD0003629,4034,CUS0000009
ORD0003630,1735,CUS0000001
ORD0003631,894,CUS0000001
ORD0003632,310,CUS0000001
ORD0003633,1795,CUS0000001
ORD0003634,1499,CUS0000010
ORD0003635,2490,CUS0000001
ORD0003636,771,CUS0000004
ORD0003637,3979,CUS0000001
ORD0003638,1046,CUS0000003
ORD0003639,2626,CUS0000002
ORD0003640,3356,CUS0000001
ORD0003641,3957,CUS0000001
ORD0003642,4106,CUS0000001
ORD0003643,2270,CUS0000004
ORD0003644,846,CUS0000005
ORD0003645,4557,CUS0000005
ORD0003646,3274,CUS0000001
ORD0003647,1614,CUS0000002
ORD0003648,3139,CUS0000003
ORD0003649,3224,CUS0000004
ORD0003650,3126,CUS0000001
ORD0003651,1628,CUS0000004
ORD0003652,3751,CUS0000001
ORD0003653,465,CUS0000003
ORD0003654,2256,CUS0000002
ORD0003655,3702,CUS0000001
ORD0003656,3909,CUS0000001
ORD0003657,2257,CUS0000001
ORD0003658,1953,CUS0000001
ORD0003659,2300,CUS0000001
ORD0003660,4722,CUS0000003
ORD0003661,604,CUS0000001
ORD0003662,1338,CUS0000004
ORD0003663,892,CUS0000006
ORD0003664,802,CUS0000003
ORD0003665,2916,CUS0000008
ORD0003666,4535,CUS0000001
ORD0003667,3491,CUS0000001
ORD0003668,4931,CUS0000002
ORD0003669,1963,CUS0000006
ORD0003670,4635,CUS0000003
ORD0003671,599,CUS0000002
ORD0003672,3271,CUS0000003
ORD0003673,4380,CUS0000002
ORD0003674,3529,CUS0000001
ORD0003675,4486,CUS0000003
ORD0003676,3989,CUS0000001
ORD0003677,4791,CUS0000001
ORD0003678,2030,CUS0000002
ORD0003679,4001,CUS0000005
ORD0003680,2548,CUS0000001
ORD0003681,746,CUS0000001
ORD0003682,3334,CUS0000003
ORD0003683,384,CUS0000002
ORD0003684,4213,CUS0000001
ORD0003685,4779,CUS0000007
ORD0003686,4333,CUS0000001
ORD0003687,4781,CUS0000008
ORD0003688,1307,CUS0000004
ORD0003689,1085,CUS0000006
ORD0003690,3778,CUS0000001
ORD0003691,1516,CUS0000002
ORD0003692,1469,CUS0000001
ORD0003693,1835,CUS0000010
ORD0003694,1678,CUS0000001
ORD0003695,1133,CUS0000001
ORD0003696,449,CUS0000002
ORD0003697,3568,CUS0000002
ORD0003698,741,CUS0000001
ORD0003699,3666,CUS0000001
ORD0003700,1754,CUS0000004
ORD0003701,1311,CUS0000009
ORD0003702,4974,CUS0000001
ORD0003703,2212,CUS0000001
ORD0003704,2719,CUS0000002
ORD0003705,648,CUS0000001
ORD0003706,812,CUS0000001
ORD0003707,3279,CUS0000001
ORD0003708,4657,CUS0000001
ORD0003709,3355,CUS0000002
ORD0003710,4622,CUS0000005
ORD0003711,2771,CUS0000001
ORD0003712,2362,CUS0000002
ORD0003713,4357,CUS0000002
ORD0003714,3853,CUS0000001
ORD0003715,201,CUS0000005
ORD0003716,4913,CUS0000002
ORD0003717,4380,CUS0000002
ORD0003718,3537,CUS0000006
ORD0003719,1021,CUS0000009
ORD0003720,3495,CUS0000003
ORD0003721,1325,CUS0000003
ORD0003722,1314,CUS0000009
ORD0003723,4741,CUS0000004
ORD0003724,4916,CUS0000001
ORD0003725,4873,CUS0000001
ORD0003726,920,CUS0000006
ORD0003727,965,CUS0000007
ORD0003728,4709,CUS0000001
ORD0003729,927,CUS0000001
ORD0003730,2443,CUS0000008
ORD0003731,4487,CUS0000001
ORD0003732,2916,CUS0000005
ORD0003733,3466,CUS0000010
ORD0003734,2263,CUS0000001
ORD0003735,3237,CUS0000002
ORD0003736,4077,CUS0000001
ORD0003737,4786,CUS0000009
ORD0003738,3975,CUS0000004
ORD0003739,406,CUS0000002
ORD0003740,1510,CUS0000001
ORD0003741,2356,CUS0000001
ORD0003742,3401,CUS0000004
ORD0003743,1278,CUS0000002
ORD0003744,3390,CUS0000003
ORD0003745,417,CUS0000003
ORD0003746,3342,CUS0000002
ORD0003747,2815,CUS0000002
ORD0003748,2046,CUS0000010
ORD0003749,503,CUS0000001
ORD0003750,3992,CUS0000002
ORD0003751,2300,CUS0000001
ORD0003752,3151,CUS0000002
ORD0003753,265,CUS0000001
ORD0003754,2867,CUS0000001
ORD0003755,2582,CUS0000008
ORD0003756,2647,CUS0000001
ORD0003757,2396,CUS0000002
ORD0003758,4127,CUS0000002
ORD0003759,904,CUS0000001
ORD0003760,1967,CUS0000001
ORD0003761,1200,CUS0000005
ORD0003762,2561,CUS0000001
ORD0003763,3729,CUS0000003
ORD0003764,2728,CUS0000001
ORD0003765,2307,CUS0000003
ORD0003766,3514,CUS0000002
ORD0003767,831,CUS0000008
ORD0003768,1639,CUS0000003
ORD0003769,3718,CUS0000003
ORD0003770,1831,CUS0000001
ORD0003771,3435,CUS0000003
ORD0003772,4068,CUS0000007
ORD0003773,4331,CUS0000010
ORD0003774,3163,CUS0000001
ORD0003775,560,CUS0000001
ORD0003776,4321,CUS0000002
ORD0003777,1402,CUS0000002
ORD0003778,637,CUS0000001
ORD0003779,2648,CUS0000002
ORD0003780,4251,CUS0000005
ORD0003781,3404,CUS0000008
ORD0003782,1211,CUS0000001
ORD0003783,4394,CUS0000002
ORD0003784,4758,CUS0000003
ORD0003785,337,CUS0000001
ORD0003786,1523,CUS0000001
ORD0003787,1679,CUS0000002
ORD0003788,1744,CUS0000003
ORD0003789,572,CUS0000001
ORD0003790,2143,CUS0000001
ORD0003791,370,CUS0000009
ORD0003792,3839,CUS0000002
ORD0003793,514,CUS0000002
ORD0003794,3052,CUS0000003
ORD0003795,1731,CUS0000003
ORD0003796,2344,CUS0000001
ORD0003797,3117,CUS0000002
ORD0003798,3902,CUS0000003
ORD0003799,4237,CUS0000001
ORD0003800,3351,CUS0000001
ORD0003801,1114,CUS0000002
ORD0003802,350,CUS0000001
ORD0003803,2081,CUS0000001
ORD0003804,3151,CUS0000001
ORD0003805,4104,CUS0000008
ORD0003806,4966,CUS0000002
ORD0003807,3754,CUS0000008
ORD0003808,1554,CUS0000001
ORD0003809,3987,CUS0000001
ORD0003810,4907,CUS0000003
ORD0003811,4616,CUS0000001
ORD0003812,2965,CUS0000001
ORD0003813,2920,CUS0000001
ORD0003814,1439,CUS0000001
ORD0003815,2218,CUS0000003
ORD0003816,840,CUS0000005
ORD0003817,2435,CUS0000001
ORD0003818,324,CUS0000001
ORD0003819,3266,CUS0000001
ORD0003820,506,CUS0000001
ORD0003821,1434,CUS0000010
ORD0003822,4787,CUS0000002
ORD0003823,1855,CUS0000001
ORD0003824,1913,CUS0000003
ORD0003825,1944,CUS0000002
ORD0003826,1793,CUS0000001
ORD0003827,2304,CUS0000002
ORD0003828,3454,CUS0000009
ORD0003829,4304,CUS0000001
ORD0003830,264,CUS0000001
ORD0003831,172,CUS0000001
ORD0003832,3983,CUS0000008
ORD0003833,1183,CUS0000002
ORD0003834,1518,CUS0000001
ORD0003835,169,CUS0000001
ORD0003836,1933,CUS0000001
ORD0003837,2167,CUS0000006
ORD0003838,2602,CUS0000002
ORD0003839,2355,CUS0000005
ORD0003840,3571,CUS0000008
ORD0003841,3184,CUS0000001
ORD0003842,2956,CUS0000002
ORD0003843,3860,CUS0000001
ORD0003844,2164,CUS0000001
ORD0003845,1887,CUS0000001
ORD0003846,3923,CUS0000005
ORD0003847,2575,CUS0000006
ORD0003848,4365,CUS0000002
ORD0003849,3353,CUS0000002
ORD0003850,4888,CUS0000006
ORD0003851,938,CUS0000003
ORD0003852,160,CUS0000005
ORD0003853,4290,CUS0000001
ORD0003854,3165,CUS0000001
ORD0003855,4699,CUS0000004
ORD0003856,4964,CUS0000001
ORD0003857,2415,CUS0000001
ORD0003858,2545,CUS0000002
ORD0003859,985,CUS0000008
ORD0003860,4046,CUS0000007
ORD0003861,622,CUS0000004
ORD0003862,2854,CUS0000001
ORD0003863,2364,CUS0000001
ORD0003864,2763,CUS0000001
ORD0003865,2368,CUS0000001
ORD0003866,2239,CUS0000002
ORD0003867,2547,CUS0000006
ORD0003868,1643,CUS0000001
ORD0003869,1328,CUS0000002
ORD0003870,4337,CUS0000010
ORD0003871,2068,CUS0000007
ORD0003872,565,CUS0000007
ORD0003873,3410,CUS0000007
ORD0003874,2718,CUS0000002
ORD0003875,1246,CUS0000001
ORD0003876,308,CUS0000001
ORD0003877,4174,CUS0000001
ORD0003878,2521,CUS0000002
ORD0003879,2225,CUS0000001
ORD0003880,3528,CUS0000001
ORD0003881,3414,CUS0000001
ORD0003882,3280,CUS0000004
ORD0003883,389,CUS0000001
ORD0003884,4876,CUS0000001
ORD0003885,4786,CUS0000001
ORD0003886,1655,CUS0000007
ORD0003887,2911,CUS0000007
ORD0003888,1921,CUS0000004
ORD0003889,4479,CUS0000006
ORD0003890,3997,CUS0000003
ORD0003891,3036,CUS0000005
ORD0003892,4255,CUS0000001
ORD0003893,2559,CUS0000002
ORD0003894,1492,CUS0000002
ORD0003895,4673,CUS0000001
ORD0003896,1583,CUS0000002
ORD0003897,2506,CUS0000002
ORD0003898,899,CUS0000002
ORD0003899,3956,CUS0000001
ORD0003900,1148,CUS0000002
ORD0003901,2218,CUS0000001
ORD0003902,4679,CUS0000001
ORD0003903,1599,CUS0000001
ORD0003904,2849,CUS0000001
ORD0003905,831,CUS0000008
ORD0003906,1920,CUS0000001
ORD0003907,3010,CUS0000001
ORD0003908,1929,CUS0000001
ORD0003909,2615,CUS0000001
ORD0003910,3544,CUS0000001
ORD0003911,2814,CUS0000002
ORD0003912,3144,CUS0000002
ORD0003913,2234,CUS0000001
ORD0003914,4896,CUS0000010
ORD0003915,2508,CUS0000003
ORD0003916,3899,CUS0000003
ORD0003917,1064,CUS0000003
ORD0003918,3954,CUS0000002
ORD0003919,539,CUS0000001
ORD0003920,4880,CUS0000008
ORD0003921,4853,CUS0000001
ORD0003922,683,CUS0000002
ORD0003923,3968,CUS0000006
ORD0003924,1693,CUS0000002
ORD0003925,4199,CUS0000002
ORD0003926,1081,CUS0000003
ORD0003927,3226,CUS0000002
ORD0003928,4440,CUS0000001
ORD0003929,2544,CUS0000001
ORD0003930,3484,CUS0000001
ORD0003931,542,CUS0000008
ORD0003932,1335,CUS0000001
ORD0003933,1225,CUS0000004
ORD0003934,1740,CUS0000005
ORD0003935,2907,CUS0000003
ORD0003936,3452,CUS0000002
ORD0003937,4764,CUS0000001
ORD0003938,3848,CUS0000001
ORD0003939,1273,CUS0000003
ORD0003940,2691,CUS0000006
ORD0003941,1577,CUS0000001
ORD0003942,762,CUS0000008
ORD0003943,4094,CUS0000006
ORD0003944,2824,CUS0000003
ORD0003945,1548,CUS0000001
ORD0003946,2667,CUS0000001
ORD0003947,575,CUS0000001
ORD0003948,138,CUS0000002
ORD0003949,3803,CUS0000001
ORD0003950,2340,CUS0000007
ORD0003951,1815,CUS0000001
ORD0003952,1481,CUS0000003
ORD0003953,4820,CUS0000007
ORD0003954,1397,CUS0000001
ORD0003955,4110,CUS0000001
ORD0003956,821,CUS0000004
ORD0003957,1160,CUS0000004
ORD0003958,3652,CUS0000010
ORD0003959,3617,CUS0000010
ORD0003960,3404,CUS0000004
ORD0003961,3614,CUS0000001
ORD0003962,4010,CUS0000005
ORD0003963,3240,CUS0000001
ORD0003964,138,CUS0000001
ORD0003965,409,CUS0000001
ORD0003966,4472,CUS0000002
ORD0003967,1733,CUS0000005
ORD0003968,3156,CUS0000001
ORD0003969,215,CUS0000002
ORD0003970,2739,CUS0000005
ORD0003971,4450,CUS0000002
ORD0003972,1661,CUS0000001
ORD0003973,246,CUS0000005
ORD0003974,133,CUS0000003
ORD0003975,2138,CUS0000001
ORD0003976,1953,CUS0000003
ORD0003977,2920,CUS0000001
ORD0003978,2656,CUS0000001
ORD0003979,1156,CUS0000001
ORD0003980,941,CUS0000006
ORD0003981,3242,CUS0000004
ORD0003982,4223,CUS0000001
ORD0003983,4922,CUS0000002
ORD0003984,2607,CUS0000002
ORD0003985,1468,CUS0000001
ORD0003986,634,CUS0000003
ORD0003987,474,CUS0000001
ORD0003988,2542,CUS0000002
ORD0003989,2482,CUS0000001
ORD0003990,3834,CUS0000002
ORD0003991,4362,CUS0000001
ORD0003992,4985,CUS0000006
ORD0003993,4393,CUS0000001
ORD0003994,2867,CUS0000001
ORD0003995,3652,CUS0000001
ORD0003996,1196,CUS0000008
ORD0003997,2907,CUS0000001
ORD0003998,4115,CUS0000003
ORD0003999,3042,CUS0000007
ORD0004000,1643,CUS0000001
ORD0004001,1450,CUS0000002
ORD0004002,3404,CUS0000001
ORD0004003,256,CUS0000002
ORD0004004,1971,CUS0000001
ORD0004005,1937,CUS0000001
ORD0004006,1174,CUS0000004
ORD0004007,1830,CUS0000006
ORD0004008,279,CUS0000008
ORD0004009,4930,CUS0000002
ORD0004010,4233,CUS0000001
ORD0004011,1484,CUS0000001
ORD0004012,1108,CUS0000010
ORD0004013,3103,CUS0000001
ORD0004014,406,CUS0000001
ORD0004015,3173,CUS0000001
ORD0004016,2195,CUS0000004
ORD0004017,4480,CUS0000001
ORD0004018,498,CUS0000003
ORD0004019,4965,CUS0000004
ORD0004020,492,CUS0000001
ORD0004021,985,CUS0000002
ORD0004022,261,CUS0000001
ORD0004023,495,CUS0000001
ORD0004024,1048,CUS0000002
ORD0004025,3514,CUS0000001
ORD0004026,3739,CUS0000007
ORD0004027,3215,CUS0000003
ORD0004028,1112,CUS0000001
ORD0004029,4583,CUS0000001
ORD0004030,2170,CUS0000001
ORD0004031,3986,CUS0000002
ORD0004032,1354,CUS0000008
ORD0004033,1783,CUS0000001
ORD0004034,176,CUS0000008
ORD0004035,2566,CUS0000007
ORD0004036,3547,CUS0000001
ORD0004037,927,CUS0000001
ORD0004038,4362,CUS0000002
ORD0004039,2311,CUS0000001
ORD0004040,1223,CUS0000001
ORD0004041,3531,CUS0000001
ORD0004042,959,CUS0000001
ORD0004043,4290,CUS0000001
ORD0004044,1064,CUS0000001
ORD0004045,2415,CUS0000002
ORD0004046,1033,CUS0000001
ORD0004047,970,CUS0000005
ORD0004048,4177,CUS0000001
ORD0004049,1727,CUS0000001
ORD0004050,1736,CUS0000002
ORD0004051,2254,CUS0000002
ORD0004052,4385,CUS0000001
ORD0004053,1752,CUS0000008
ORD0004054,3032,CUS0000001
ORD0004055,3456,CUS0000003
ORD0004056,2519,CUS0000001
ORD0004057,1413,CUS0000002
ORD0004058,422,CUS0000002
ORD0004059,4590,CUS0000001
ORD0004060,4166,CUS0000007
ORD0004061,1801,CUS0000001
ORD0004062,4037,CUS0000001
ORD0004063,2808,CUS0000001
ORD0004064,2021,CUS0000001
ORD0004065,122,CUS0000001
ORD0004066,204,CUS0000002
ORD0004067,829,CUS0000004
ORD0004068,1004,CUS0000003
ORD0004069,4803,CUS0000001
ORD0004070,4147,CUS0000001
ORD0004071,1321,CUS0000002
ORD0004072,837,CUS0000002
ORD0004073,4291,CUS0000001
ORD0004074,714,CUS0000002
ORD0004075,929,CUS0000006
ORD0004076,2196,CUS0000007
ORD0004077,1993,CUS0000002
ORD0004078,3841,CUS0000001
ORD0004079,2525,CUS0000002
ORD0004080,2263,CUS0000001
ORD0004081,3903,CUS0000003
ORD0004082,510,CUS0000003
ORD0004083,917,CUS0000002
ORD0004084,1531,CUS0000001
ORD0004085,423,CUS0000010
ORD0004086,2480,CUS0000001
ORD0004087,3050,CUS0000007
ORD0004088,2661,CUS0000001
ORD0004089,3589,CUS0000002
ORD0004090,1049,CUS0000001
ORD0004091,878,CUS0000001
ORD0004092,475,CUS0000002
ORD0004093,179,CUS0000001
ORD0004094,1233,CUS0000009
ORD0004095,1496,CUS0000010
ORD0004096,2792,CUS0000005
ORD0004097,3028,CUS0000001
ORD0004098,3685,CUS0000001
ORD0004099,2297,CUS0000004
ORD0004100,861,CUS0000001
ORD0004101,3152,CUS0000001
ORD0004102,2907,CUS0000003
ORD0004103,1598,CUS0000002
ORD0004104,1032,CUS0000001
ORD0004105,3383,CUS0000001
ORD0004106,3378,CUS0000005
ORD0004107,3839,CUS0000001
ORD0004108,2326,CUS0000007
ORD0004109,3259,CUS0000001
ORD0004110,4017,CUS0000001
ORD0004111,3554,CUS0000003
ORD0004112,1466,CUS0000001
ORD0004113,1026,CUS0000001
ORD0004114,1185,CUS0000001
ORD0004115,580,CUS0000001
ORD0004116,1405,CUS0000001
ORD0004117,949,CUS0000003
ORD0004118,3508,CUS0000001
ORD0004119,4939,CUS0000001
ORD0004120,4054,CUS0000001
ORD0004121,4760,CUS0000001
ORD0004122,3689,CUS0000005
ORD0004123,1584,CUS0000002
ORD0004124,3210,CUS0000002
ORD0004125,3037,CUS0000006
ORD0004126,336,CUS0000002
ORD0004127,1170,CUS0000003
ORD0004128,4057,CUS0000001
ORD0004129,4098,CUS0000002
ORD0004130,1025,CUS0000001
ORD0004131,3469,CUS0000001
ORD0004132,3710,CUS0000001
ORD0004133,476,CUS0000002
ORD0004134,618,CUS0000001
ORD0004135,2243,CUS0000004
ORD0004136,2674,CUS0000003
ORD0004137,201,CUS0000002
ORD0004138,4399,CUS0000001
ORD0004139,4823,CUS0000001
ORD0004140,4728,CUS0000002
ORD0004141,1934,CUS0000001
ORD0004142,2871,CUS0000001
ORD0004143,4352,CUS0000002
ORD0004144,4385,CUS0000001
ORD0004145,880,CUS0000001
ORD0004146,3645,CUS0000003
ORD0004147,2136,CUS0000001
ORD0004148,4047,CUS0000002
ORD0004149,2932,CUS0000001
ORD0004150,3252,CUS0000003
ORD0004151,1317,CUS0000002
ORD0004152,4673,CUS0000001
ORD0004153,547,CUS0000001
ORD0004154,195,CUS0000004
ORD0004155,1385,CUS0000001
ORD0004156,4241,CUS0000001
ORD0004157,3944,CUS0000001
ORD0004158,4161,CUS0000005
ORD0004159,1454,CUS0000001
ORD0004160,713,CUS0000007
ORD0004161,4127,CUS0000001
ORD0004162,2726,CUS0000007
ORD0004163,2073,CUS0000002
ORD0004164,2810,CUS0000003
ORD0004165,2378,CUS0000005
ORD0004166,512,CUS0000002
ORD0004167,4252,CUS0000004
ORD0004168,1924,CUS0000001
ORD0004169,4609,CUS0000001
ORD0004170,3201,CUS0000005
ORD0004171,3403,CUS0000001
ORD0004172,2025,CUS0000005
ORD0004173,745,CUS0000001
ORD0004174,3860,CUS0000006
ORD0004175,3738,CUS0000001
ORD0004176,4794,CUS0000001
ORD0004177,3770,CUS0000001
ORD0004178,821,CUS0000005
ORD0004179,4183,CUS0000001
ORD0004180,3762,CUS0000006
ORD0004181,2689,CUS0000002
ORD0004182,1072,CUS0000004
ORD0004183,4174,CUS0000001
ORD0004184,245,CUS0000003
ORD0004185,940,CUS0000001
ORD0004186,3404,CUS0000001
ORD0004187,3477,CUS0000002
ORD0004188,393,CUS0000006
ORD0004189,4664,CUS0000001
ORD0004190,4598,CUS0000001
ORD0004191,101,CUS0000002
ORD0004192,844,CUS0000002
ORD0004193,2595,CUS0000001
ORD0004194,4264,CUS0000002
ORD0004195,4706,CUS0000001
ORD0004196,1794,CUS0000009
ORD0004197,3837,CUS0000003
ORD0004198,2892,CUS0000006
ORD0004199,3076,CUS0000009
ORD0004200,544,CUS0000002
ORD0004201,1926,CUS0000001
ORD0004202,3822,CUS0000001
ORD0004203,2819,CUS0000003
ORD0004204,4688,CUS0000001
ORD0004205,3975,CUS0000001
ORD0004206,3076,CUS0000001
ORD0004207,3807,CUS0000001
ORD0004208,1034,CUS0000001
ORD0004209,898,CUS0000003
ORD0004210,1916,CUS0000004
ORD0004211,117,CUS0000007
ORD0004212,2896,CUS0000002
ORD0004213,3009,CUS0000001
ORD0004214,2491,CUS0000006
ORD0004215,4586,CUS0000009
ORD0004216,4376,CUS0000008
ORD0004217,3162,CUS0000002
ORD0004218,970,CUS0000006
ORD0004219,475,CUS0000010
ORD0004220,1444,CUS0000006
ORD0004221,4133,CUS0000001
ORD0004222,1250,CUS0000001
ORD0004223,3452,CUS0000001
ORD0004224,976,CUS0000001
ORD0004225,2183,CUS0000001
ORD0004226,1704,CUS0000010
ORD0004227,1636,CUS0000004
ORD0004228,1089,CUS0000002
ORD0004229,3318,CUS0000008
ORD0004230,1866,CUS0000001
ORD0004231,3844,CUS0000003
ORD0004232,1661,CUS0000008
ORD0004233,2868,CUS0000001
ORD0004234,982,CUS0000002
ORD0004235,3495,CUS0000004
ORD0004236,480,CUS0000001
ORD0004237,4923,CUS0000006
ORD0004238,1109,CUS0000001
ORD0004239,3790,CUS0000001
ORD0004240,3846,CUS0000005
ORD0004241,4927,CUS0000001
ORD0004242,4230,CUS0000001
ORD0004243,1202,CUS0000002
ORD0004244,4186,CUS0000006
ORD0004245,135,CUS0000001
ORD0004246,4444,CUS0000006
ORD0004247,497,CUS0000001
ORD0004248,4632,CUS0000001
ORD0004249,3645,CUS0000001
ORD0004250,4893,CUS0000001
ORD0004251,4056,CUS0000001
ORD0004252,4264,CUS0000001
ORD0004253,1551,CUS0000003
ORD0004254,4839,CUS0000003
ORD0004255,1522,CUS0000001
ORD0004256,1151,CUS0000001
ORD0004257,948,CUS0000002
ORD0004258,3273,CUS0000001
ORD0004259,2736,CUS0000009
ORD0004260,4229,CUS0000002
ORD0004261,3251,CUS0000003
ORD0004262,3529,CUS0000001
ORD0004263,2133,CUS0000001
ORD0004264,2341,CUS0000006
ORD0004265,3359,CUS0000001
ORD0004266,2908,CUS0000001
ORD0004267,2509,CUS0000002
ORD0004268,3809,CUS0000003
ORD0004269,1192,CUS0000001
ORD0004270,1231,CUS0000004
ORD0004271,3481,CUS0000005
ORD0004272,4296,CUS0000004
ORD0004273,2548,CUS0000001
ORD0004274,4587,CUS0000001
ORD0004275,2671,CUS0000007
ORD0004276,4634,CUS0000003
ORD0004277,1880,CUS0000002
ORD0004278,1745,CUS0000001
ORD0004279,1817,CUS0000001
ORD0004280,2480,CUS0000006
ORD0004281,2928,CUS0000007
ORD0004282,1186,CUS0000001
ORD0004283,1556,CUS0000002
ORD0004284,4227,CUS0000001
ORD0004285,4544,CUS0000002
ORD0004286,2740,CUS0000001
ORD0004287,1045,CUS0000004
ORD0004288,2985,CUS0000004
ORD0004289,4706,CUS0000001
ORD0004290,4035,CUS0000001
ORD0004291,4874,CUS0000001
ORD0004292,4774,CUS0000001
ORD0004293,3519,CUS0000004
ORD0004294,4473,CUS0000004
ORD0004295,2442,CUS0000005
ORD0004296,3560,CUS0000001
ORD0004297,204,CUS0000001
ORD0004298,4382,CUS0000004
ORD0004299,972,CUS0000005
ORD0004300,307,CUS0000002
ORD0004301,3220,CUS0000001
ORD0004302,1290,CUS0000002
ORD0004303,534,CUS0000005
ORD0004304,563,CUS0000001
ORD0004305,1737,CUS0000005
ORD0004306,2287,CUS0000004
ORD0004307,1418,CUS0000001
ORD0004308,2447,CUS0000001
ORD0004309,2152,CUS0000003
ORD0004310,1299,CUS0000001
ORD0004311,608,CUS0000003
ORD0004312,2517,CUS0000001
ORD0004313,1771,CUS0000001
ORD0004314,4533,CUS0000008
ORD0004315,364,CUS0000001
ORD0004316,3038,CUS0000004
ORD0004317,3807,CUS0000001
ORD0004318,939,CUS0000001
ORD0004319,4702,CUS0000001
ORD0004320,1937,CUS0000001
ORD0004321,4697,CUS0000002
ORD0004322,3285,CUS0000001
ORD0004323,2046,CUS0000001
ORD0004324,4285,CUS0000010
ORD0004325,2456,CUS0000002
ORD0004326,484,CUS0000001
ORD0004327,3225,CUS0000001
ORD0004328,3274,CUS0000002
ORD0004329,3512,CUS0000005
ORD0004330,2661,CUS0000001
ORD0004331,4623,CUS0000001
ORD0004332,540,CUS0000001
ORD0004333,206,CUS0000001
ORD0004334,2158,CUS0000001
ORD0004335,1763,CUS0000001
ORD0004336,3729,CUS0000002
ORD0004337,1947,CUS0000009
ORD0004338,3112,CUS0000003
ORD0004339,4920,CUS0000003
ORD0004340,4577,CUS0000001
ORD0004341,1709,CUS0000001
ORD0004342,1685,CUS0000001
ORD0004343,2509,CUS0000010
ORD0004344,3776,CUS0000001
ORD0004345,1553,CUS0000002
ORD0004346,710,CUS0000002
ORD0004347,1631,CUS0000002
ORD0004348,1523,CUS0000002
ORD0004349,4309,CUS0000001
ORD0004350,1077,CUS0000001
ORD0004351,3190,CUS0000004
ORD0004352,432,CUS0000003
ORD0004353,3610,CUS0000002
ORD0004354,2386,CUS0000002
ORD0004355,4659,CUS0000009
ORD0004356,2264,CUS0000001
ORD0004357,1165,CUS0000003
ORD0004358,1418,CUS0000001
ORD0004359,4884,CUS0000001
ORD0004360,2189,CUS0000001
ORD0004361,146,CUS0000003
ORD0004362,2807,CUS0000002
ORD0004363,3920,CUS0000004
ORD0004364,1368,CUS0000001
ORD0004365,427,CUS0000003
ORD0004366,1359,CUS0000003
ORD0004367,2742,CUS0000001
ORD0004368,4989,CUS0000003
ORD0004369,516,CUS0000001
ORD0004370,2567,CUS0000002
ORD0004371,4118,CUS0000006
ORD0004372,4791,CUS0000001
ORD0004373,4606,CUS0000003
ORD0004374,3033,CUS0000002
ORD0004375,697,CUS0000001
ORD0004376,2703,CUS0000001
ORD0004377,4404,CUS0000005
ORD0004378,1901,CUS0000001
ORD0004379,1606,CUS0000003
ORD0004380,4364,CUS0000001
ORD0004381,658,CUS0000001
ORD0004382,4238,CUS0000003
ORD0004383,1405,CUS0000001
ORD0004384,3507,CUS0000010
ORD0004385,4548,CUS0000001
ORD0004386,4499,CUS0000002
ORD0004387,3404,CUS0000001
ORD0004388,853,CUS0000001
ORD0004389,2962,CUS0000001
ORD0004390,1912,CUS0000001
ORD0004391,1847,CUS0000007
ORD0004392,2818,CUS0000005
ORD0004393,2812,CUS0000009
ORD0004394,3055,CUS0000001
ORD0004395,2504,CUS0000006
ORD0004396,1889,CUS0000001
ORD0004397,4445,CUS0000001
ORD0004398,3990,CUS0000003
ORD0004399,4698,CUS0000001
ORD0004400,172,CUS0000001
ORD0004401,1039,CUS0000001
ORD0004402,2934,CUS0000001
ORD0004403,3750,CUS0000010
ORD0004404,2068,CUS0000002
ORD0004405,2097,CUS0000001
ORD0004406,426,CUS0000001
ORD0004407,2729,CUS0000004
ORD0004408,3224,CUS0000002
ORD0004409,1028,CUS0000001
ORD0004410,3261,CUS0000002
ORD0004411,2201,CUS0000001
ORD0004412,4525,CUS0000001
ORD0004413,2416,CUS0000001
ORD0004414,302,CUS0000001
ORD0004415,4334,CUS0000001
ORD0004416,3171,CUS0000001
ORD0004417,4313,CUS0000001
ORD0004418,4267,CUS0000001
ORD0004419,3750,CUS0000008
ORD0004420,4087,CUS0000002
ORD0004421,459,CUS0000001
ORD0004422,2528,CUS0000001
ORD0004423,1677,CUS0000003
ORD0004424,2724,CUS0000001
ORD0004425,4309,CUS0000008
ORD0004426,774,CUS0000001
ORD0004427,886,CUS0000009
ORD0004428,1471,CUS0000001
ORD0004429,4507,CUS0000008
ORD0004430,4468,CUS0000001
ORD0004431,160,CUS0000001
ORD0004432,636,CUS0000001
ORD0004433,1826,CUS0000001
ORD0004434,1846,CUS0000001
ORD0004435,3575,CUS0000007
ORD0004436,951,CUS0000004
ORD0004437,1784,CUS0000001
ORD0004438,4505,CUS0000001
ORD0004439,3665,CUS0000001
ORD0004440,690,CUS0000001
ORD0004441,1359,CUS0000002
ORD0004442,294,CUS0000003
ORD0004443,3861,CUS0000001
ORD0004444,2817,CUS0000001
ORD0004445,410,CUS0000001
ORD0004446,816,CUS0000001
ORD0004447,700,CUS0000003
ORD0004448,544,CUS0000004
ORD0004449,1558,CUS0000005
ORD0004450,2163,CUS0000001
ORD0004451,4671,CUS0000009
ORD0004452,677,CUS0000001
ORD0004453,4810,CUS0000001
ORD0004454,1964,CUS0000001
ORD0004455,2218,CUS0000001
ORD0004456,3439,CUS0000001
ORD0004457,3278,CUS0000001
ORD0004458,3795,CUS0000005
ORD0004459,3413,CUS0000001
ORD0004460,3647,CUS0000006
ORD0004461,2691,CUS0000009
ORD0004462,238,CUS0000004
ORD0004463,3290,CUS0000002
ORD0004464,1069,CUS0000002
ORD0004465,4481,CUS0000001
ORD0004466,148,CUS0000001
ORD0004467,618,CUS0000001
ORD0004468,4897,CUS0000001
ORD0004469,472,CUS0000002
ORD0004470,694,CUS0000009
ORD0004471,3030,CUS0000001
ORD0004472,4219,CUS0000002
ORD0004473,969,CUS0000001
ORD0004474,2474,CUS0000004
ORD0004475,2568,CUS0000001
ORD0004476,808,CUS0000001
ORD0004477,2406,CUS0000001
ORD0004478,3685,CUS0000002
ORD0004479,3224,CUS0000001
ORD0004480,3336,CUS0000003
ORD0004481,352,CUS0000002
ORD0004482,3982,CUS0000001
ORD0004483,1380,CUS0000001
ORD0004484,4470,CUS0000002
ORD0004485,1901,CUS0000006
ORD0004486,1217,CUS0000008
ORD0004487,3303,CUS0000001
ORD0004488,4570,CUS0000001
ORD0004489,2516,CUS0000004
ORD0004490,1280,CUS0000004
ORD0004491,2541,CUS0000001
ORD0004492,3156,CUS0000001
ORD0004493,191,CUS0000005
ORD0004494,4634,CUS0000001
ORD0004495,4647,CUS0000001
ORD0004496,1258,CUS0000002
ORD0004497,1109,CUS0000001
ORD0004498,442,CUS0000004
ORD0004499,141,CUS0000001
ORD0004500,4791,CUS0000001
ORD0004501,4987,CUS0000001
ORD0004502,3328,CUS0000001
ORD0004503,4500,CUS0000010
ORD0004504,4585,CUS0000002
ORD0004505,797,CUS0000002
ORD0004506,2596,CUS0000004
ORD0004507,1820,CUS0000002
ORD0004508,2916,CUS0000008
ORD0004509,1834,CUS0000002
ORD0004510,3480,CUS0000001
ORD0004511,4298,CUS0000003
ORD0004512,1266,CUS0000003
ORD0004513,1418,CUS0000001
ORD0004514,1607,CUS0000004
ORD0004515,1908,CUS0000001
ORD0004516,2170,CUS0000004
ORD0004517,1691,CUS0000001
ORD0004518,1038,CUS0000004
ORD0004519,1585,CUS0000001
ORD0004520,4747,CUS0000001
ORD0004521,545,CUS0000001
ORD0004522,4596,CUS0000001
ORD0004523,3878,CUS0000002
ORD0004524,4602,CUS0000003
ORD0004525,699,CUS0000001
ORD0004526,2481,CUS0000001
ORD0004527,651,CUS0000006
ORD0004528,2153,CUS0000001
ORD0004529,904,CUS0000002
ORD0004530,1717,CUS0000002
ORD0004531,4856,CUS0000002
ORD0004532,4091,CUS0000003
ORD0004533,2810,CUS0000001
ORD0004534,3025,CUS0000001
ORD0004535,1150,CUS0000001
ORD0004536,2021,CUS0000003
ORD0004537,919,CUS0000001
ORD0004538,2435,CUS0000001
ORD0004539,671,CUS0000001
ORD0004540,1685,CUS0000008
ORD0004541,2703,CUS0000001
ORD0004542,4080,CUS0000005
ORD0004543,3791,CUS0000002
ORD0004544,2789,CUS0000001
ORD0004545,2604,CUS0000001
ORD0004546,4885,CUS0000003
ORD0004547,1348,CUS0000002
ORD0004548,4733,CUS0000002
ORD0004549,4743,CUS0000002
ORD0004550,3085,CUS0000001
ORD0004551,2691,CUS0000001
ORD0004552,3608,CUS0000004
ORD0004553,1481,CUS0000001
ORD0004554,139,CUS0000001
ORD0004555,2665,CUS0000002
ORD0004556,2116,CUS0000002
ORD0004557,1914,CUS0000006
ORD0004558,3672,CUS0000001
ORD0004559,2366,CUS0000003
ORD0004560,3044,CUS0000001
ORD0004561,1200,CUS0000001
ORD0004562,2816,CUS0000001
ORD0004563,4031,CUS0000001
ORD0004564,3891,CUS0000002
ORD0004565,3748,CUS0000007
ORD0004566,3038,CUS0000001
ORD0004567,2602,CUS0000003
ORD0004568,4089,CUS0000009
ORD0004569,4619,CUS0000001
ORD0004570,991,CUS0000001
ORD0004571,1539,CUS0000003
ORD0004572,771,CUS0000001
ORD0004573,2398,CUS0000002
ORD0004574,1246,CUS0000002
ORD0004575,4512,CUS0000002
ORD0004576,1709,CUS0000001
ORD0004577,2256,CUS0000001
ORD0004578,726,CUS0000004
ORD0004579,717,CUS0000004
ORD0004580,252,CUS0000001
ORD0004581,4254,CUS0000001
ORD0004582,355,CUS0000006
ORD0004583,4866,CUS0000001
ORD0004584,4842,CUS0000001
ORD0004585,3418,CUS0000002
ORD0004586,4933,CUS0000002
ORD0004587,1842,CUS0000001
ORD0004588,400,CUS0000005
ORD0004589,4618,CUS0000001
ORD0004590,2234,CUS0000001
ORD0004591,4552,CUS0000001
ORD0004592,4521,CUS0000001
ORD0004593,3967,CUS0000001
ORD0004594,1317,CUS0000005
ORD0004595,3096,CUS0000001
ORD0004596,3315,CUS0000001
ORD0004597,1929,CUS0000003
ORD0004598,4930,CUS0000002
ORD0004599,2483,CUS0000001
ORD0004600,1196,CUS0000003
ORD0004601,3906,CUS0000001
ORD0004602,4205,CUS0000002
ORD0004603,4281,CUS0000003
ORD0004604,841,CUS0000002
ORD0004605,3350,CUS0000001
ORD0004606,3080,CUS0000002
ORD0004607,4213,CUS0000001
ORD0004608,186,CUS0000002
ORD0004609,2056,CUS0000001
ORD0004610,1458,CUS0000003
ORD0004611,4311,CUS0000002
ORD0004612,1249,CUS0000001
ORD0004613,3755,CUS0000006
ORD0004614,1404,CUS0000001
ORD0004615,1567,CUS0000001
ORD0004616,4739,CUS0000002
ORD0004617,4735,CUS0000006
ORD0004618,1297,CUS0000003
ORD0004619,4060,CUS0000001
ORD0004620,3039,CUS0000002
ORD0004621,431,CUS0000002
ORD0004622,1892,CUS0000001
ORD0004623,4094,CUS0000001
ORD0004624,1998,CUS0000002
ORD0004625,614,CUS0000001
ORD0004626,2265,CUS0000001
ORD0004627,3126,CUS0000001
ORD0004628,2017,CUS0000001
ORD0004629,450,CUS0000001
ORD0004630,1793,CUS0000001
ORD0004631,4342,CUS0000002
ORD0004632,3059,CUS0000002
ORD0004633,3279,CUS0000002
ORD0004634,3947,CUS0000001
ORD0004635,3824,CUS0000001
ORD0004636,480,CUS0000001
ORD0004637,426,CUS0000004
ORD0004638,2754,CUS0000003
ORD0004639,945,CUS0000005
ORD0004640,4371,CUS0000001
ORD0004641,2340,CUS0000002
ORD0004642,2257,CUS0000003
ORD0004643,4840,CUS0000004
ORD0004644,4559,CUS0000002
ORD0004645,4770,CUS0000006
ORD0004646,1524,CUS0000004
ORD0004647,3185,CUS0000001
ORD0004648,3200,CUS0000001
ORD0004649,3092,CUS0000002
ORD0004650,4914,CUS0000002
ORD0004651,737,CUS0000006
ORD0004652,4332,CUS0000001
ORD0004653,2160,CUS0000002
ORD0004654,3182,CUS0000001
ORD0004655,1925,CUS0000001
ORD0004656,4330,CUS0000001
ORD0004657,3424,CUS0000001
ORD0004658,2990,CUS0000001
ORD0004659,2926,CUS0000003
ORD0004660,4088,CUS0000003
ORD0004661,4049,CUS0000001
ORD0004662,154,CUS0000001
ORD0004663,4211,CUS0000003
ORD0004664,1238,CUS0000007
ORD0004665,3703,CUS0000001
ORD0004666,1456,CUS0000002
ORD0004667,1984,CUS0000004
ORD0004668,731,CUS0000002
ORD0004669,4315,CUS0000007
ORD0004670,2400,CUS0000001
ORD0004671,1832,CUS0000001
ORD0004672,1330,CUS0000001
ORD0004673,1631,CUS0000001
ORD0004674,1389,CUS0000001
ORD0004675,3067,CUS0000001
ORD0004676,1069,CUS0000001
ORD0004677,1986,CUS0000001
ORD0004678,3496,CUS0000001
ORD0004679,2805,CUS0000003
ORD0004680,1028,CUS0000008
ORD0004681,4044,CUS0000001
ORD0004682,4022,CUS0000001
ORD0004683,4024,CUS0000002
ORD0004684,1826,CUS0000009
ORD0004685,4939,CUS0000003
ORD0004686,1420,CUS0000001
ORD0004687,3466,CUS0000001
ORD0004688,283,CUS0000002
ORD0004689,2096,CUS0000001
ORD0004690,453,CUS0000001
ORD0004691,1147,CUS0000001
ORD0004692,4798,CUS0000001
ORD0004693,4952,CUS0000001
ORD0004694,1419,CUS0000007
ORD0004695,1203,CUS0000009
ORD0004696,4299,CUS0000006
ORD0004697,421,CUS0000001
ORD0004698,4788,CUS0000002
ORD0004699,1303,CUS0000008
ORD0004700,558,CUS0000004
ORD0004701,1462,CUS0000005
ORD0004702,2215,CUS0000007
ORD0004703,1574,CUS0000001
ORD0004704,4332,CUS0000001
ORD0004705,3421,CUS0000003
ORD0004706,4717,CUS0000001
ORD0004707,252,CUS0000006
ORD0004708,2422,CUS0000003
ORD0004709,802,CUS0000001
ORD0004710,1874,CUS0000001
ORD0004711,3779,CUS0000002
ORD0004712,3961,CUS0000001
ORD0004713,4045,CUS0000003
ORD0004714,1497,CUS0000001
ORD0004715,1897,CUS0000001
ORD0004716,3465,CUS0000001
ORD0004717,1269,CUS0000001
ORD0004718,4873,CUS0000001
ORD0004719,1589,CUS0000001
ORD0004720,4284,CUS0000001
ORD0004721,2266,CUS0000001
ORD0004722,1473,CUS0000006
ORD0004723,2907,CUS0000002
ORD0004724,3814,CUS0000008
ORD0004725,4986,CUS0000005
ORD0004726,4938,CUS0000003
ORD0004727,663,CUS0000003
ORD0004728,1982,CUS0000001
ORD0004729,3198,CUS0000001
ORD0004730,3257,CUS0000002
ORD0004731,1183,CUS0000008
ORD0004732,989,CUS0000001
ORD0004733,235,CUS0000003
ORD0004734,1757,CUS0000004
ORD0004735,4382,CUS0000010
ORD0004736,4231,CUS0000001
ORD0004737,3538,CUS0000002
ORD0004738,1325,CUS0000005
ORD0004739,888,CUS0000002
ORD0004740,1553,CUS0000003
ORD0004741,3998,CUS0000004
ORD0004742,419,CUS0000003
ORD0004743,4453,CUS0000003
ORD0004744,4223,CUS0000001
ORD0004745,1062,CUS0000001
ORD0004746,863,CUS0000001
ORD0004747,4050,CUS0000004
ORD0004748,1167,CUS0000002
ORD0004749,4517,CUS0000001
ORD0004750,109,CUS0000006
ORD0004751,3634,CUS0000003
ORD0004752,4376,CUS0000002
ORD0004753,3546,CUS0000001
ORD0004754,3134,CUS0000002
ORD0004755,455,CUS0000001
ORD0004756,4440,CUS0000002
ORD0004757,3614,CUS0000001
ORD0004758,1979,CUS0000009
ORD0004759,4049,CUS0000003
ORD0004760,3223,CUS0000001
ORD0004761,2971,CUS0000002
ORD0004762,4925,CUS0000006
ORD0004763,4819,CUS0000002
ORD0004764,900,CUS0000001
ORD0004765,3585,CUS0000008
ORD0004766,1196,CUS0000001
ORD0004767,2185,CUS0000001
ORD0004768,4008,CUS0000001
ORD0004769,2004,CUS0000007
ORD0004770,786,CUS0000002
ORD0004771,2420,CUS0000001
ORD0004772,4554,CUS0000002
ORD0004773,3447,CUS0000003
ORD0004774,2211,CUS0000006
ORD0004775,1648,CUS0000001
ORD0004776,144,CUS0000007
ORD0004777,158,CUS0000009
ORD0004778,4834,CUS0000001
ORD0004779,4380,CUS0000001
ORD0004780,1065,CUS0000002
ORD0004781,4357,CUS0000003
ORD0004782,158,CUS0000005
ORD0004783,3172,CUS0000002
ORD0004784,1782,CUS0000009
ORD0004785,2687,CUS0000004
ORD0004786,3449,CUS0000004
ORD0004787,3067,CUS0000001
ORD0004788,973,CUS0000004
ORD0004789,1367,CUS0000005
ORD0004790,3590,CUS0000010
ORD0004791,4895,CUS0000002
ORD0004792,2177,CUS0000002
ORD0004793,2240,CUS0000002
ORD0004794,4491,CUS0000001
ORD0004795,3569,CUS0000002
ORD0004796,4725,CUS0000007
ORD0004797,3095,CUS0000003
ORD0004798,2357,CUS0000003
ORD0004799,3355,CUS0000004
ORD0004800,1768,CUS0000001
ORD0004801,3485,CUS0000001
ORD0004802,4622,CUS0000004
ORD0004803,4667,CUS0000001
ORD0004804,4052,CUS0000007
ORD0004805,1564,CUS0000002
ORD0004806,3132,CUS0000004
ORD0004807,4680,CUS0000001
ORD0004808,4645,CUS0000001
ORD0004809,4062,CUS0000001
ORD0004810,2178,CUS0000003
ORD0004811,2612,CUS0000001
ORD0004812,4832,CUS0000002
ORD0004813,2920,CUS0000001
ORD0004814,3361,CUS0000004
ORD0004815,1231,CUS0000006
ORD0004816,1075,CUS0000001
ORD0004817,1982,CUS0000001
ORD0004818,3758,CUS0000004
ORD0004819,1425,CUS0000002
ORD0004820,921,CUS0000001
ORD0004821,1856,CUS0000001
ORD0004822,4264,CUS0000001
ORD0004823,3381,CUS0000008
ORD0004824,2872,CUS0000001
ORD0004825,4610,CUS0000001
ORD0004826,526,CUS0000004
ORD0004827,1416,CUS0000002
ORD0004828,3287,CUS0000001
ORD0004829,143,CUS0000004
ORD0004830,846,CUS0000001
ORD0004831,1290,CUS0000001
ORD0004832,3963,CUS0000001
ORD0004833,3666,CUS0000001
ORD0004834,822,CUS0000004
ORD0004835,624,CUS0000001
ORD0004836,2255,CUS0000001
ORD0004837,1916,CUS0000008
ORD0004838,3137,CUS0000001
ORD0004839,755,CUS0000001
ORD0004840,409,CUS0000001
ORD0004841,3248,CUS0000003
ORD0004842,3382,CUS0000001
ORD0004843,4368,CUS0000001
ORD0004844,2446,CUS0000001
ORD0004845,4994,CUS0000001
ORD0004846,570,CUS0000002
ORD0004847,1535,CUS0000001
ORD0004848,4149,CUS0000002
ORD0004849,3696,CUS0000001
ORD0004850,187,CUS0000001
ORD0004851,1752,CUS0000001
ORD0004852,4344,CUS0000001
ORD0004853,2442,CUS0000001
ORD0004854,1695,CUS0000003
ORD0004855,375,CUS0000005
ORD0004856,4282,CUS0000001
ORD0004857,4325,CUS0000002
ORD0004858,1997,CUS0000001
ORD0004859,1488,CUS0000003
ORD0004860,395,CUS0000002
ORD0004861,3046,CUS0000001
ORD0004862,2059,CUS0000009
ORD0004863,102,CUS0000001
ORD0004864,1389,CUS0000001
ORD0004865,811,CUS0000001
ORD0004866,2360,CUS0000001
ORD0004867,3372,CUS0000006
ORD0004868,2992,CUS0000001
ORD0004869,3337,CUS0000002
ORD0004870,3421,CUS0000001
ORD0004871,4901,CUS0000003
ORD0004872,1740,CUS0000003
ORD0004873,4341,CUS0000007
ORD0004874,225,CUS0000001
ORD0004875,662,CUS0000003
ORD0004876,838,CUS0000001
ORD0004877,4602,CUS0000009
ORD0004878,2430,CUS0000001
ORD0004879,4680,CUS0000001
ORD0004880,4875,CUS0000004
ORD0004881,2951,CUS0000005
ORD0004882,2946,CUS0000001
ORD0004883,2365,CUS0000001
ORD0004884,1953,CUS0000001
ORD0004885,1693,CUS0000001
ORD0004886,3825,CUS0000005
ORD0004887,3409,CUS0000004
ORD0004888,4809,CUS0000007
ORD0004889,138,CUS0000001
ORD0004890,2238,CUS0000002
ORD0004891,1533,CUS0000001
ORD0004892,3435,CUS0000003
ORD0004893,4247,CUS0000001
ORD0004894,972,CUS0000007
ORD0004895,4676,CUS0000002
ORD0004896,692,CUS0000001
ORD0004897,4221,CUS0000002
ORD0004898,2510,CUS0000003
ORD0004899,2885,CUS0000001
ORD0004900,1058,CUS0000006
ORD0004901,4304,CUS0000001
ORD0004902,2211,CUS0000001
ORD0004903,4506,CUS0000001
ORD0004904,4809,CUS0000001
ORD0004905,2149,CUS0000001
ORD0004906,3727,CUS0000001
ORD0004907,3189,CUS0000004
ORD0004908,4713,CUS0000001
ORD0004909,4061,CUS0000001
ORD0004910,2092,CUS0000001
ORD0004911,2882,CUS0000004
ORD0004912,3858,CUS0000004
ORD0004913,3874,CUS0000006
ORD0004914,4907,CUS0000003
ORD0004915,324,CUS0000001
ORD0004916,4048,CUS0000001
ORD0004917,1052,CUS0000001
ORD0004918,2212,CUS0000003
ORD0004919,653,CUS0000005
ORD0004920,3234,CUS0000001
ORD0004921,1905,CUS0000001
ORD0004922,1983,CUS0000003
ORD0004923,2686,CUS0000006
ORD0004924,3478,CUS0000001
ORD0004925,2992,CUS0000001
ORD0004926,4331,CUS0000003
ORD0004927,4488,CUS0000008
ORD0004928,179,CUS0000002
ORD0004929,2257,CUS0000001
ORD0004930,2133,CUS0000001
ORD0004931,2453,CUS0000003
ORD0004932,861,CUS0000001
ORD0004933,3368,CUS0000002
ORD0004934,2901,CUS0000003
ORD0004935,722,CUS0000002
ORD0004936,4642,CUS0000001
ORD0004937,1562,CUS0000001
ORD0004938,4003,CUS0000001
ORD0004939,2671,CUS0000002
ORD0004940,2996,CUS0000001
ORD0004941,1890,CUS0000001
ORD0004942,4799,CUS0000001
ORD0004943,2304,CUS0000008
ORD0004944,1597,CUS0000001
ORD0004945,1657,CUS0000001
ORD0004946,4187,CUS0000007
ORD0004947,1735,CUS0000006
ORD0004948,2023,CUS0000005
ORD0004949,2082,CUS0000001
ORD0004950,2274,CUS0000001
ORD0004951,1793,CUS0000002
ORD0004952,1977,CUS0000002
ORD0004953,1761,CUS0000001
ORD0004954,2145,CUS0000010
ORD0004955,3016,CUS0000001
ORD0004956,1377,CUS0000001
ORD0004957,973,CUS0000001
ORD0004958,1082,CUS0000004
ORD0004959,742,CUS0000001
ORD0004960,4135,CUS0000001
ORD0004961,154,CUS0000002
ORD0004962,4535,CUS0000001
ORD0004963,446,CUS0000001
ORD0004964,4050,CUS0000001
ORD0004965,3140,CUS0000003
ORD0004966,2683,CUS0000001
ORD0004967,4133,CUS0000001
ORD0004968,4806,CUS0000004
ORD0004969,2350,CUS0000001
ORD0004970,4120,CUS0000002
ORD0004971,1598,CUS0000002
ORD0004972,4287,CUS0000001
ORD0004973,2395,CUS0000005
ORD0004974,3359,CUS0000001
ORD0004975,1919,CUS0000007
ORD0004976,4824,CUS0000005
ORD0004977,1150,CUS0000004
ORD0004978,543,CUS0000001
ORD0004979,4406,CUS0000001
ORD0004980,3566,CUS0000001
ORD0004981,4018,CUS0000001
ORD0004982,4529,CUS0000001
ORD0004983,366,CUS0000002
ORD0004984,4216,CUS0000002
ORD0004985,2944,CUS0000004
ORD0004986,3325,CUS0000001
ORD0004987,1531,CUS0000001
ORD0004988,3845,CUS0000002
ORD0004989,1086,CUS0000005
ORD0004990,4345,CUS0000001
ORD0004991,3868,CUS0000002
ORD0004992,2685,CUS0000010
ORD0004993,168,CUS0000002
ORD0004994,196,CUS0000001
ORD0004995,1826,CUS0000003
ORD0004996,3208,CUS0000005
ORD0004997,4859,CUS0000001
ORD0004998,925,CUS0000001
ORD0004999,2765,CUS0000001
ORD0005000,3062,CUS0000001
ORD0005001,2227,CUS0000001
ORD0005002,1633,CUS0000005
ORD0005003,4593,CUS0000004
ORD0005004,2253,CUS0000001
ORD0005005,2042,CUS0000002
ORD0005006,2306,CUS0000007
ORD0005007,3961,CUS0000001
ORD0005008,2910,CUS0000002
ORD0005009,3097,CUS0000005
ORD0005010,1606,CUS0000003
ORD0005011,4185,CUS0000001
ORD0005012,3572,CUS0000002
ORD0005013,1824,CUS0000004
ORD0005014,3533,CUS0000006
ORD0005015,3149,CUS0000002
ORD0005016,3090,CUS0000003
ORD0005017,3381,CUS0000001
ORD0005018,2390,CUS0000002
ORD0005019,3792,CUS0000001
ORD0005020,1573,CUS0000003
ORD0005021,4780,CUS0000001
ORD0005022,1174,CUS0000001
ORD0005023,4817,CUS0000001
ORD0005024,1972,CUS0000001
ORD0005025,918,CUS0000006
ORD0005026,2311,CUS0000001
ORD0005027,2031,CUS0000002
ORD0005028,4649,CUS0000001
ORD0005029,3640,CUS0000001
ORD0005030,3220,CUS0000001
ORD0005031,1706,CUS0000004
ORD0005032,1294,CUS0000007
ORD0005033,1325,CUS0000001
ORD0005034,3974,CUS0000002
ORD0005035,179,CUS0000001
ORD0005036,1546,CUS0000001
ORD0005037,3553,CUS0000008
ORD0005038,4192,CUS0000002
ORD0005039,1201,CUS0000001
ORD0005040,4335,CUS0000005
ORD0005041,4474,CUS0000003
ORD0005042,2686,CUS0000003
ORD0005043,4086,CUS0000007
ORD0005044,2557,CUS0000002
ORD0005045,2155,CUS0000002
ORD0005046,4705,CUS0000002
ORD0005047,4751,CUS0000001
ORD0005048,490,CUS0000001
ORD0005049,3363,CUS0000001
ORD0005050,910,CUS0000001
ORD0005051,1438,CUS0000002
ORD0005052,591,CUS0000002
ORD0005053,1865,CUS0000001
ORD0005054,2183,CUS0000001
ORD0005055,4003,CUS0000001
ORD0005056,888,CUS0000001
ORD0005057,3785,CUS0000002
ORD0005058,2841,CUS0000001
ORD0005059,2228,CUS0000006
ORD0005060,3057,CUS0000006
ORD0005061,3051,CUS0000002
ORD0005062,4690,CUS0000001
ORD0005063,4666,CUS0000001
ORD0005064,2211,CUS0000004
ORD0005065,2919,CUS0000002
ORD0005066,262,CUS0000001
ORD0005067,3473,CUS0000001
ORD0005068,1093,CUS0000001
ORD0005069,2976,CUS0000002
ORD0005070,1729,CUS0000003
ORD0005071,4825,CUS0000006
ORD0005072,4817,CUS0000001
ORD0005073,4510,CUS0000003
ORD0005074,1529,CUS0000001
ORD0005075,2431,CUS0000003
ORD0005076,3009,CUS0000001
ORD0005077,2763,CUS0000002
ORD0005078,4281,CUS0000001
ORD0005079,4093,CUS0000004
ORD0005080,3761,CUS0000002
ORD0005081,742,CUS0000001
ORD0005082,3221,CUS0000003
ORD0005083,2447,CUS0000005
ORD0005084,3899,CUS0000002
ORD0005085,1286,CUS0000001
ORD0005086,1472,CUS0000004
ORD0005087,2863,CUS0000004
ORD0005088,3555,CUS0000001
ORD0005089,4782,CUS0000002
ORD0005090,3415,CUS0000001
ORD0005091,684,CUS0000001
ORD0005092,748,CUS0000001
ORD0005093,1427,CUS0000001
ORD0005094,2914,CUS0000002
ORD0005095,1969,CUS0000002
ORD0005096,2668,CUS0000001
ORD0005097,2695,CUS0000002
ORD0005098,2486,CUS0000001
ORD0005099,2291,CUS0000009
ORD0005100,3339,CUS0000004
ORD0005101,2322,CUS0000009
ORD0005102,3744,CUS0000001
ORD0005103,3075,CUS0000001
ORD0005104,4908,CUS0000007
ORD0005105,4367,CUS0000007
ORD0005106,3788,CUS0000001
ORD0005107,3491,CUS0000010
ORD0005108,1470,CUS0000002
ORD0005109,1606,CUS0000001
ORD0005110,289,CUS0000002
ORD0005111,1124,CUS0000001
ORD0005112,2022,CUS0000001
ORD0005113,2161,CUS0000001
ORD0005114,755,CUS0000009
ORD0005115,1825,CUS0000002
ORD0005116,1467,CUS0000001
ORD0005117,3352,CUS0000001
ORD0005118,943,CUS0000001
ORD0005119,882,CUS0000001
ORD0005120,622,CUS0000001
ORD0005121,3976,CUS0000004
ORD0005122,4592,CUS0000001
ORD0005123,540,CUS0000005
ORD0005124,315,CUS0000001
ORD0005125,3352,CUS0000002
ORD0005126,4392,CUS0000001
ORD0005127,781,CUS0000004
ORD0005128,951,CUS0000007
ORD0005129,2250,CUS0000003
ORD0005130,1372,CUS0000001
ORD0005131,790,CUS0000006
ORD0005132,3293,CUS0000002
ORD0005133,2634,CUS0000001
ORD0005134,1978,CUS0000001
ORD0005135,2126,CUS0000002
ORD0005136,2427,CUS0000001
ORD0005137,3730,CUS0000001
ORD0005138,1135,CUS0000001
ORD0005139,1175,CUS0000002
ORD0005140,4415,CUS0000002
ORD0005141,1497,CUS0000001
ORD0005142,334,CUS0000002
ORD0005143,387,CUS0000005
ORD0005144,3023,CUS0000001
ORD0005145,2764,CUS0000002
ORD0005146,4000,CUS0000001
ORD0005147,3927,CUS0000001
ORD0005148,4528,CUS0000004
ORD0005149,2331,CUS0000004
ORD0005150,4593,CUS0000001
ORD0005151,3744,CUS0000002
ORD0005152,1206,CUS0000008
ORD0005153,4517,CUS0000001
ORD0005154,1550,CUS0000003
ORD0005155,4940,CUS0000009
ORD0005156,4995,CUS0000001
ORD0005157,3840,CUS0000001
ORD0005158,4720,CUS0000001
ORD0005159,3663,CUS0000005
ORD0005160,4388,CUS0000001
ORD0005161,4472,CUS0000001
ORD0005162,2636,CUS0000001
ORD0005163,2944,CUS0000001
ORD0005164,4045,CUS0000001
ORD0005165,4520,CUS0000001
ORD0005166,1960,CUS0000001
ORD0005167,833,CUS0000001
ORD0005168,3719,CUS0000002
ORD0005169,2622,CUS0000002
ORD0005170,3096,CUS0000001
ORD0005171,3476,CUS0000001
ORD0005172,2228,CUS0000001
ORD0005173,1375,CUS0000001
ORD0005174,2586,CUS0000003
ORD0005175,186,CUS0000001
ORD0005176,100,CUS0000003
ORD0005177,4387,CUS0000001
ORD0005178,1216,CUS0000002
ORD0005179,2917,CUS0000001
ORD0005180,2449,CUS0000002
ORD0005181,3943,CUS0000001
ORD0005182,4483,CUS0000005
ORD0005183,168,CUS0000001
ORD0005184,4129,CUS0000004
ORD0005185,4008,CUS0000002
ORD0005186,2554,CUS0000001
ORD0005187,174,CUS0000001
ORD0005188,3626,CUS0000002
ORD0005189,2499,CUS0000005
ORD0005190,4990,CUS0000002
ORD0005191,1994,CUS0000001
ORD0005192,159,CUS0000003
ORD0005193,4590,CUS0000002
ORD0005194,3160,CUS0000003
ORD0005195,1644,CUS0000001
ORD0005196,3472,CUS0000004
ORD0005197,4692,CUS0000001
ORD0005198,3680,CUS0000001
ORD0005199,3333,CUS0000001
ORD0005200,2147,CUS0000001
ORD0005201,1437,CUS0000001
ORD0005202,3292,CUS0000001
ORD0005203,3199,CUS0000002
ORD0005204,1907,CUS0000001
ORD0005205,2254,CUS0000001
ORD0005206,748,CUS0000007
ORD0005207,3558,CUS0000001
ORD0005208,2062,CUS0000003
ORD0005209,4332,CUS0000001
ORD0005210,2327,CUS0000004
ORD0005211,2432,CUS0000001
ORD0005212,4457,CUS0000001
ORD0005213,2302,CUS0000001
ORD0005214,3482,CUS0000001
ORD0005215,1640,CUS0000003
ORD0005216,660,CUS0000006
ORD0005217,1594,CUS0000001
ORD0005218,1219,CUS0000001
ORD0005219,2472,CUS0000001
ORD0005220,1004,CUS0000001
ORD0005221,3830,CUS0000010
ORD0005222,3809,CUS0000001
ORD0005223,2329,CUS0000001
ORD0005224,4130,CUS0000005
ORD0005225,1638,CUS0000002
ORD0005226,2726,CUS0000002
ORD0005227,258,CUS0000004
ORD0005228,1346,CUS0000005
ORD0005229,506,CUS0000009
ORD0005230,4482,CUS0000001
ORD0005231,281,CUS0000003
ORD0005232,1623,CUS0000001
ORD0005233,937,CUS0000006
ORD0005234,2411,CUS0000001
ORD0005235,2305,CUS0000003
ORD0005236,1124,CUS0000001
ORD0005237,3691,CUS0000001
ORD0005238,167,CUS0000007
ORD0005239,2007,CUS0000001
ORD0005240,838,CUS0000001
ORD0005241,1334,CUS0000005
ORD0005242,220,CUS0000001
ORD0005243,4143,CUS0000006
ORD0005244,1879,CUS0000001
ORD0005245,2900,CUS0000001
ORD0005246,3542,CUS0000002
ORD0005247,2652,CUS0000001
ORD0005248,4182,CUS0000001
ORD0005249,3142,CUS0000001
ORD0005250,3898,CUS0000002
ORD0005251,359,CUS0000004
ORD0005252,2805,CUS0000008
ORD0005253,757,CUS0000007
ORD0005254,1296,CUS0000001
ORD0005255,559,CUS0000002
ORD0005256,2283,CUS0000007
ORD0005257,3314,CUS0000006
ORD0005258,684,CUS0000001
ORD0005259,4549,CUS0000004
ORD0005260,3951,CUS0000001
ORD0005261,1587,CUS0000003
ORD0005262,1674,CUS0000001
ORD0005263,2148,CUS0000001
ORD0005264,3225,CUS0000004
ORD0005265,203,CUS0000001
ORD0005266,1099,CUS0000001
ORD0005267,2139,CUS0000001
ORD0005268,3252,CUS0000003
ORD0005269,3728,CUS0000003
ORD0005270,2124,CUS0000001
ORD0005271,374,CUS0000007
ORD0005272,1731,CUS0000001
ORD0005273,3875,CUS0000001
ORD0005274,869,CUS0000005
ORD0005275,4369,CUS0000003
ORD0005276,1807,CUS0000002
ORD0005277,3973,CUS0000001
ORD0005278,3287,CUS0000002
ORD0005279,2656,CUS0000001
ORD0005280,2746,CUS0000001
ORD0005281,1399,CUS0000001
ORD0005282,445,CUS0000001
ORD0005283,4602,CUS0000001
ORD0005284,4367,CUS0000005
ORD0005285,1100,CUS0000004
ORD0005286,2175,CUS0000002
ORD0005287,4042,CUS0000001
ORD0005288,2547,CUS0000001
ORD0005289,1727,CUS0000001
ORD0005290,3052,CUS0000001
ORD0005291,526,CUS0000001
ORD0005292,1884,CUS0000002
ORD0005293,1025,CUS0000003
ORD0005294,2033,CUS0000001
ORD0005295,3656,CUS0000001
ORD0005296,2758,CUS0000001
ORD0005297,223,CUS0000001
ORD0005298,1471,CUS0000004
ORD0005299,2361,CUS0000002
ORD0005300,4889,CUS0000001
ORD0005301,1080,CUS0000002
ORD0005302,3342,CUS0000001
ORD0005303,2091,CUS0000002
ORD0005304,173,CUS0000008
ORD0005305,444,CUS0000007
ORD0005306,4860,CUS0000001
ORD0005307,3993,CUS0000002
ORD0005308,4984,CUS0000003
ORD0005309,1369,CUS0000003
ORD0005310,3142,CUS0000003
ORD0005311,833,CUS0000002
ORD0005312,2137,CUS0000001
ORD0005313,1391,CUS0000002
ORD0005314,4195,CUS0000001
ORD0005315,848,CUS0000004
ORD0005316,2872,CUS0000001
ORD0005317,591,CUS0000002
ORD0005318,589,CUS0000001
ORD0005319,3012,CUS0000001
ORD0005320,1360,CUS0000002
ORD0005321,4493,CUS0000001
ORD0005322,979,CUS0000001
ORD0005323,1130,CUS0000001
ORD0005324,4096,CUS0000001
ORD0005325,2006,CUS0000001
ORD0005326,2694,CUS0000001
ORD0005327,4674,CUS0000001
ORD0005328,2945,CUS0000002
ORD0005329,3693,CUS0000001
ORD0005330,1680,CUS0000005
ORD0005331,274,CUS0000004
ORD0005332,3194,CUS0000003
ORD0005333,3034,CUS0000002
ORD0005334,1203,CUS0000001
ORD0005335,2153,CUS0000001
ORD0005336,423,CUS0000001
ORD0005337,4075,CUS0000001
ORD0005338,3684,CUS0000001
ORD0005339,4679,CUS0000001
ORD0005340,2514,CUS0000001
ORD0005341,4546,CUS0000001
ORD0005342,4114,CUS0000006
ORD0005343,1654,CUS0000001
ORD0005344,4742,CUS0000001
ORD0005345,1628,CUS0000001
ORD0005346,4553,CUS0000008
ORD0005347,2948,CUS0000006
ORD0005348,2751,CUS0000007
ORD0005349,3937,CUS0000001
ORD0005350,2355,CUS0000001
ORD0005351,4642,CUS0000001
ORD0005352,1413,CUS0000001
ORD0005353,664,CUS0000002
ORD0005354,4451,CUS0000001
ORD0005355,1369,CUS0000002
ORD0005356,3781,CUS0000001
ORD0005357,2522,CUS0000002
ORD0005358,2257,CUS0000001
ORD0005359,4536,CUS0000007
ORD0005360,3107,CUS0000005
ORD0005361,3819,CUS0000001
ORD0005362,105,CUS0000001
ORD0005363,4244,CUS0000001
ORD0005364,3205,CUS0000007
ORD0005365,1619,CUS0000001
ORD0005366,253,CUS0000010
ORD0005367,3082,CUS0000001
ORD0005368,2056,CUS0000003
ORD0005369,2727,CUS0000001
ORD0005370,618,CUS0000001
ORD0005371,4515,CUS0000001
ORD0005372,3274,CUS0000002
ORD0005373,1655,CUS0000001
ORD0005374,4393,CUS0000001
ORD0005375,4175,CUS0000004
ORD0005376,4617,CUS0000001
ORD0005377,1362,CUS0000002
ORD0005378,2419,CUS0000001
ORD0005379,2742,CUS0000001
ORD0005380,3457,CUS0000002
ORD0005381,2738,CUS0000001
ORD0005382,1004,CUS0000001
ORD0005383,888,CUS0000001
ORD0005384,4386,CUS0000003
ORD0005385,646,CUS0000001
ORD0005386,458,CUS0000004
ORD0005387,1163,CUS0000003
ORD0005388,1563,CUS0000002
ORD0005389,356,CUS0000001
ORD0005390,1755,CUS0000009
ORD0005391,976,CUS0000007
ORD0005392,4076,CUS0000001
ORD0005393,1669,CUS0000002
ORD0005394,908,CUS0000001
ORD0005395,360,CUS0000003
ORD0005396,4777,CUS0000001
ORD0005397,3283,CUS0000001
ORD0005398,4113,CUS0000006
ORD0005399,4407,CUS0000001
ORD0005400,4935,CUS0000001
ORD0005401,2196,CUS0000001
ORD0005402,502,CUS0000001
ORD0005403,3101,CUS0000001
ORD0005404,1908,CUS0000008
ORD0005405,680,CUS0000001
ORD0005406,207,CUS0000002
ORD0005407,1809,CUS0000001
ORD0005408,4125,CUS0000004
ORD0005409,755,CUS0000001
ORD0005410,3934,CUS0000002
ORD0005411,597,CUS0000001
ORD0005412,3056,CUS0000006
ORD0005413,4671,CUS0000001
ORD0005414,3507,CUS0000001
ORD0005415,3123,CUS0000005
ORD0005416,577,CUS0000001
ORD0005417,2277,CUS0000001
ORD0005418,4433,CUS0000001
ORD0005419,433,CUS0000001
ORD0005420,676,CUS0000009
ORD0005421,2589,CUS0000007
ORD0005422,738,CUS0000001
ORD0005423,1868,CUS0000001
ORD0005424,4355,CUS0000001
ORD0005425,895,CUS0000006
ORD0005426,929,CUS0000002
ORD0005427,1992,CUS0000009
ORD0005428,4455,CUS0000005
ORD0005429,3256,CUS0000008
ORD0005430,1652,CUS0000001
ORD0005431,1682,CUS0000002
ORD0005432,4410,CUS0000006
ORD0005433,2137,CUS0000004
ORD0005434,4769,CUS0000001
ORD0005435,1565,CUS0000002
ORD0005436,4674,CUS0000002
ORD0005437,4672,CUS0000002
ORD0005438,3501,CUS0000004
ORD0005439,964,CUS0000002
ORD0005440,4823,CUS0000003
ORD0005441,3032,CUS0000004
ORD0005442,3857,CUS0000004
ORD0005443,3598,CUS0000001
ORD0005444,952,CUS0000004
ORD0005445,1466,CUS0000001
ORD0005446,1577,CUS0000001
ORD0005447,4605,CUS0000007
ORD0005448,3389,CUS0000001
ORD0005449,4234,CUS0000009
ORD0005450,2864,CUS0000010
ORD0005451,1395,CUS0000001
ORD0005452,4473,CUS0000002
ORD0005453,3729,CUS0000004
ORD0005454,2986,CUS0000001
ORD0005455,2681,CUS0000004
ORD0005456,4606,CUS0000002
ORD0005457,2759,CUS0000005
ORD0005458,3145,CUS0000001
ORD0005459,3477,CUS0000008
ORD0005460,3627,CUS0000001
ORD0005461,2749,CUS0000001
ORD0005462,2071,CUS0000001
ORD0005463,4713,CUS0000002
ORD0005464,4569,CUS0000001
ORD0005465,1852,CUS0000003
ORD0005466,3172,CUS0000001
ORD0005467,4607,CUS0000001
ORD0005468,2181,CUS0000001
ORD0005469,3049,CUS0000001
ORD0005470,3806,CUS0000001
ORD0005471,3765,CUS0000007
ORD0005472,3352,CUS0000001
ORD0005473,101,CUS0000001
ORD0005474,383,CUS0000006
ORD0005475,2430,CUS0000001
ORD0005476,4980,CUS0000004
ORD0005477,233,CUS0000001
ORD0005478,4340,CUS0000001
ORD0005479,1206,CUS0000001
ORD0005480,2572,CUS0000007
ORD0005481,153,CUS0000001
ORD0005482,2560,CUS0000001
ORD0005483,1917,CUS0000005
ORD0005484,1859,CUS0000001
ORD0005485,2679,CUS0000008
ORD0005486,277,CUS0000002
ORD0005487,2360,CUS0000001
ORD0005488,4635,CUS0000005
ORD0005489,4288,CUS0000001
ORD0005490,4657,CUS0000002
ORD0005491,4774,CUS0000001
ORD0005492,4782,CUS0000001
ORD0005493,1367,CUS0000001
ORD0005494,872,CUS0000001
ORD0005495,409,CUS0000001
ORD0005496,3871,CUS0000001
ORD0005497,3013,CUS0000004
ORD0005498,1378,CUS0000001
ORD0005499,1233,CUS0000002
ORD0005500,2270,CUS0000001
ORD0005501,3107,CUS0000001
ORD0005502,4869,CUS0000009
ORD0005503,2146,CUS0000004
ORD0005504,2008,CUS0000002
ORD0005505,2199,CUS0000010
ORD0005506,2560,CUS0000001
ORD0005507,852,CUS0000001
ORD0005508,4773,CUS0000001
ORD0005509,3375,CUS0000009
ORD0005510,4761,CUS0000001
ORD0005511,1881,CUS0000003
ORD0005512,732,CUS0000004
ORD0005513,2759,CUS0000001
ORD0005514,4052,CUS0000002
ORD0005515,1516,CUS0000001
ORD0005516,4099,CUS0000006
ORD0005517,4820,CUS0000001
ORD0005518,881,CUS0000001
ORD0005519,4976,CUS0000002
ORD0005520,2560,CUS0000010
ORD0005521,406,CUS0000002
ORD0005522,4820,CUS0000004
ORD0005523,3225,CUS0000001
ORD0005524,742,CUS0000001
ORD0005525,558,CUS0000001
ORD0005526,2839,CUS0000010
ORD0005527,2950,CUS0000001
ORD0005528,3657,CUS0000002
ORD0005529,3512,CUS0000002
ORD0005530,1087,CUS0000002
ORD0005531,1957,CUS0000004
ORD0005532,193,CUS0000001
ORD0005533,3233,CUS0000001
ORD0005534,543,CUS0000002
ORD0005535,2596,CUS0000001
ORD0005536,4395,CUS0000002
ORD0005537,437,CUS0000003
ORD0005538,2715,CUS0000001
ORD0005539,4523,CUS0000002
ORD0005540,4727,CUS0000003
ORD0005541,1325,CUS0000001
ORD0005542,2777,CUS0000005
ORD0005543,4215,CUS0000002
ORD0005544,1908,CUS0000003
ORD0005545,1354,CUS0000004
ORD0005546,513,CUS0000001
ORD0005547,3318,CUS0000002
ORD0005548,3750,CUS0000001
ORD0005549,4975,CUS0000003
ORD0005550,4812,CUS0000001
ORD0005551,4234,CUS0000004
ORD0005552,837,CUS0000001
ORD0005553,1919,CUS0000010
ORD0005554,3638,CUS0000001
ORD0005555,2473,CUS0000001
ORD0005556,3330,CUS0000001
ORD0005557,1312,CUS0000001
ORD0005558,1182,CUS0000001
ORD0005559,2853,CUS0000001
ORD0005560,776,CUS0000002
ORD0005561,3998,CUS0000001
ORD0005562,4781,CUS0000001
ORD0005563,503,CUS0000001
ORD0005564,4590,CUS0000001
ORD0005565,3370,CUS0000001
ORD0005566,2250,CUS0000003
ORD0005567,796,CUS0000003
ORD0005568,3364,CUS0000002
ORD0005569,4210,CUS0000003
ORD0005570,3659,CUS0000001
ORD0005571,1168,CUS0000001
ORD0005572,1204,CUS0000002
ORD0005573,4039,CUS0000007
ORD0005574,4681,CUS0000002
ORD0005575,1722,CUS0000002
ORD0005576,4096,CUS0000007
ORD0005577,3338,CUS0000001
ORD0005578,4780,CUS0000001
ORD0005579,1706,CUS0000001
ORD0005580,4697,CUS0000001
ORD0005581,4394,CUS0000001
ORD0005582,2117,CUS0000001
ORD0005583,2085,CUS0000001
ORD0005584,686,CUS0000005
ORD0005585,2281,CUS0000001
ORD0005586,3623,CUS0000001
ORD0005587,2749,CUS0000001
ORD0005588,4818,CUS0000002
ORD0005589,833,CUS0000001
ORD0005590,1021,CUS0000003
ORD0005591,3488,CUS0000001
ORD0005592,3569,CUS0000001
ORD0005593,3092,CUS0000001
ORD0005594,2953,CUS0000009
ORD0005595,1660,CUS0000001
ORD0005596,2727,CUS0000001
ORD0005597,2922,CUS0000006
ORD0005598,4965,CUS0000002
ORD0005599,298,CUS0000003
ORD0005600,2597,CUS0000001
ORD0005601,1486,CUS0000004
ORD0005602,2964,CUS0000008
ORD0005603,3722,CUS0000001
ORD0005604,1294,CUS0000001
ORD0005605,3708,CUS0000010
ORD0005606,467,CUS0000001
ORD0005607,2012,CUS0000006
ORD0005608,1735,CUS0000001
ORD0005609,3162,CUS0000002
ORD0005610,1377,CUS0000008
ORD0005611,802,CUS0000006
ORD0005612,1020,CUS0000003
ORD0005613,546,CUS0000001
ORD0005614,2091,CUS0000003
ORD0005615,1309,CUS0000002
ORD0005616,2456,CUS0000003
ORD0005617,212,CUS0000004
ORD0005618,2912,CUS0000001
ORD0005619,1011,CUS0000001
ORD0005620,2599,CUS0000001
ORD0005621,3786,CUS0000004
ORD0005622,3959,CUS0000001
ORD0005623,286,CUS0000001
ORD0005624,2818,CUS0000001
ORD0005625,1812,CUS0000002
ORD0005626,4507,CUS0000003
ORD0005627,1835,CUS0000002
ORD0005628,1769,CUS0000002
ORD0005629,4576,CUS0000006
ORD0005630,4386,CUS0000010
ORD0005631,2218,CUS0000002
ORD0005632,4595,CUS0000002
ORD0005633,4056,CUS0000001
ORD0005634,1257,CUS0000008
ORD0005635,250,CUS0000004
ORD0005636,3185,CUS0000001
ORD0005637,4875,CUS0000003
ORD0005638,4415,CUS0000002
ORD0005639,456,CUS0000002
ORD0005640,2192,CUS0000003
ORD0005641,1495,CUS0000001
ORD0005642,592,CUS0000001
ORD0005643,2426,CUS0000001
ORD0005644,1744,CUS0000002
ORD0005645,2322,CUS0000004
ORD0005646,534,CUS0000001
ORD0005647,3908,CUS0000005
ORD0005648,168,CUS0000007
ORD0005649,645,CUS0000006
ORD0005650,3283,CUS0000002
ORD0005651,2322,CUS0000001
ORD0005652,3050,CUS0000001
ORD0005653,983,CUS0000002
ORD0005654,256,CUS0000001
ORD0005655,2496,CUS0000001
ORD0005656,3266,CUS0000002
ORD0005657,1993,CUS0000001
ORD0005658,3218,CUS0000001
ORD0005659,4265,CUS0000006
ORD0005660,915,CUS0000001
ORD0005661,2684,CUS0000001
ORD0005662,4070,CUS0000002
ORD0005663,4991,CUS0000001
ORD0005664,4454,CUS0000008
ORD0005665,821,CUS0000001
ORD0005666,1627,CUS0000001
ORD0005667,1729,CUS0000001
ORD0005668,4201,CUS0000008
ORD0005669,3851,CUS0000004
ORD0005670,4693,CUS0000001
ORD0005671,276,CUS0000004
ORD0005672,425,CUS0000002
ORD0005673,2126,CUS0000001
ORD0005674,4436,CUS0000002
ORD0005675,2597,CUS0000008
ORD0005676,2832,CUS0000004
ORD0005677,4113,CUS0000002
ORD0005678,3322,CUS0000001
ORD0005679,1386,CUS0000002
ORD0005680,250,CUS0000001
ORD0005681,2940,CUS0000010
ORD0005682,2982,CUS0000001
ORD0005683,3011,CUS0000002
ORD0005684,2576,CUS0000001
ORD0005685,2034,CUS0000001
ORD0005686,4206,CUS0000001
ORD0005687,2359,CUS0000010
ORD0005688,607,CUS0000002
ORD0005689,2210,CUS0000001
ORD0005690,3271,CUS0000002
ORD0005691,341,CUS0000001
ORD0005692,4646,CUS0000003
ORD0005693,2395,CUS0000001
ORD0005694,1947,CUS0000002
ORD0005695,1342,CUS0000008
ORD0005696,2899,CUS0000001
ORD0005697,3318,CUS0000001
ORD0005698,1224,CUS0000003
ORD0005699,819,CUS0000001
ORD0005700,3231,CUS0000002
ORD0005701,4365,CUS0000002
ORD0005702,1963,CUS0000001
ORD0005703,3518,CUS0000006
ORD0005704,2069,CUS0000001
ORD0005705,4793,CUS0000001
ORD0005706,1351,CUS0000001
ORD0005707,3593,CUS0000007
ORD0005708,2659,CUS0000001
ORD0005709,2797,CUS0000002
ORD0005710,3779,CUS0000002
ORD0005711,4541,CUS0000001
ORD0005712,1179,CUS0000009
ORD0005713,1793,CUS0000005
ORD0005714,1235,CUS0000005
ORD0005715,4859,CUS0000001
ORD0005716,4534,CUS0000001
ORD0005717,1757,CUS0000004
ORD0005718,1231,CUS0000004
ORD0005719,2631,CUS0000008
ORD0005720,4391,CUS0000008
ORD0005721,1207,CUS0000001
ORD0005722,3623,CUS0000001
ORD0005723,1289,CUS0000001
ORD0005724,4727,CUS0000003
ORD0005725,1394,CUS0000004
ORD0005726,2700,CUS0000001
ORD0005727,655,CUS0000001
ORD0005728,4665,CUS0000002
ORD0005729,4466,CUS0000001
ORD0005730,1069,CUS0000001
ORD0005731,1608,CUS0000004
ORD0005732,2701,CUS0000001
ORD0005733,1292,CUS0000001
ORD0005734,341,CUS0000001
ORD0005735,2710,CUS0000008
ORD0005736,3491,CUS0000003
ORD0005737,3468,CUS0000006
ORD0005738,2585,CUS0000002
ORD0005739,3729,CUS0000009
ORD0005740,2342,CUS0000003
ORD0005741,1344,CUS0000010
ORD0005742,1639,CUS0000001
ORD0005743,974,CUS0000001
ORD0005744,1177,CUS0000002
ORD0005745,1613,CUS0000003
ORD0005746,314,CUS0000001
ORD0005747,2286,CUS0000010
ORD0005748,4745,CUS0000003
ORD0005749,1991,CUS0000001
ORD0005750,4985,CUS0000001
ORD0005751,2002,CUS0000001
ORD0005752,1991,CUS0000003
ORD0005753,313,CUS0000001
ORD0005754,3043,CUS0000002
ORD0005755,751,CUS0000004
ORD0005756,4004,CUS0000001
ORD0005757,1198,CUS0000001
ORD0005758,4215,CUS0000002
ORD0005759,3940,CUS0000003
ORD0005760,3163,CUS0000003
ORD0005761,1607,CUS0000001
ORD0005762,3274,CUS0000010
ORD0005763,4125,CUS0000001
ORD0005764,3981,CUS0000002
ORD0005765,1226,CUS0000006
ORD0005766,1441,CUS0000001
ORD0005767,1683,CUS0000003
ORD0005768,1953,CUS0000001
ORD0005769,364,CUS0000002
ORD0005770,3447,CUS0000001
ORD0005771,222,CUS0000001
ORD0005772,2310,CUS0000001
ORD0005773,3483,CUS0000001
ORD0005774,1923,CUS0000001
ORD0005775,1761,CUS0000010
ORD0005776,1775,CUS0000007
ORD0005777,641,CUS0000002
ORD0005778,1550,CUS0000001
ORD0005779,3698,CUS0000005
ORD0005780,4113,CUS0000009
ORD0005781,2761,CUS0000005
ORD0005782,3848,CUS0000001
ORD0005783,2121,CUS0000005
ORD0005784,3602,CUS0000002
ORD0005785,3416,CUS0000002
ORD0005786,442,CUS0000001
ORD0005787,3216,CUS0000001
ORD0005788,2663,CUS0000001
ORD0005789,3328,CUS0000010
ORD0005790,4785,CUS0000003
ORD0005791,4964,CUS0000001
ORD0005792,4492,CUS0000002
ORD0005793,4402,CUS0000001
ORD0005794,415,CUS0000004
ORD0005795,4365,CUS0000001
ORD0005796,995,CUS0000001
ORD0005797,3799,CUS0000004
ORD0005798,3842,CUS0000001
ORD0005799,447,CUS0000005
ORD0005800,2112,CUS0000001
ORD0005801,4349,CUS0000001
ORD0005802,4506,CUS0000008
ORD0005803,3340,CUS0000001
ORD0005804,421,CUS0000001
ORD0005805,4668,CUS0000001
ORD0005806,3273,CUS0000001
ORD0005807,4328,CUS0000001
ORD0005808,503,CUS0000001
ORD0005809,1655,CUS0000001
ORD0005810,2485,CUS0000002
ORD0005811,3700,CUS0000001
ORD0005812,3360,CUS0000001
ORD0005813,2594,CUS0000001
ORD0005814,2442,CUS0000001
ORD0005815,3879,CUS0000009
ORD0005816,1463,CUS0000001
ORD0005817,3560,CUS0000003
ORD0005818,2511,CUS0000005
ORD0005819,546,CUS0000007
ORD0005820,4335,CUS0000002
ORD0005821,1265,CUS0000005
ORD0005822,3897,CUS0000001
ORD0005823,3800,CUS0000001
ORD0005824,840,CUS0000001
ORD0005825,4201,CUS0000001
ORD0005826,1027,CUS0000006
ORD0005827,1572,CUS0000001
ORD0005828,4895,CUS0000001
ORD0005829,4576,CUS0000004
ORD0005830,1208,CUS0000001
ORD0005831,3320,CUS0000001
ORD0005832,3487,CUS0000005
ORD0005833,2749,CUS0000002
ORD0005834,3793,CUS0000002
ORD0005835,304,CUS0000005
ORD0005836,1565,CUS0000004
ORD0005837,3816,CUS0000002
ORD0005838,4935,CUS0000002
ORD0005839,1754,CUS0000003
ORD0005840,3824,CUS0000001
ORD0005841,838,CUS0000002
ORD0005842,2148,CUS0000001
ORD0005843,2754,CUS0000006
ORD0005844,1443,CUS0000003
ORD0005845,1112,CUS0000001
ORD0005846,847,CUS0000007
ORD0005847,1035,CUS0000001
ORD0005848,3781,CUS0000002
ORD0005849,3073,CUS0000001
ORD0005850,798,CUS0000001
ORD0005851,4391,CUS0000001
ORD0005852,3246,CUS0000008
ORD0005853,4291,CUS0000002
ORD0005854,1409,CUS0000001
ORD0005855,3202,CUS0000001
ORD0005856,4608,CUS0000001
ORD0005857,3217,CUS0000001
ORD0005858,459,CUS0000002
ORD0005859,1499,CUS0000001
ORD0005860,2845,CUS0000002
ORD0005861,4732,CUS0000002
ORD0005862,1329,CUS0000004
ORD0005863,1428,CUS0000001
ORD0005864,1284,CUS0000001
ORD0005865,1565,CUS0000002
ORD0005866,520,CUS0000002
ORD0005867,3537,CUS0000005
ORD0005868,2623,CUS0000002
ORD0005869,2635,CUS0000001
ORD0005870,3755,CUS0000001
ORD0005871,2465,CUS0000003
ORD0005872,1580,CUS0000001
ORD0005873,1063,CUS0000008
ORD0005874,1177,CUS0000005
ORD0005875,1761,CUS0000002
ORD0005876,128,CUS0000010
ORD0005877,2173,CUS0000001
ORD0005878,200,CUS0000002
ORD0005879,3857,CUS0000001
ORD0005880,4176,CUS0000004
ORD0005881,4184,CUS0000004
ORD0005882,4552,CUS0000001
ORD0005883,147,CUS0000002
ORD0005884,4142,CUS0000001
ORD0005885,2048,CUS0000001
ORD0005886,1876,CUS0000002
ORD0005887,4923,CUS0000001
ORD0005888,3997,CUS0000002
ORD0005889,3817,CUS0000001
ORD0005890,3459,CUS0000001
ORD0005891,3719,CUS0000002
ORD0005892,750,CUS0000006
ORD0005893,153,CUS0000001
ORD0005894,2104,CUS0000001
ORD0005895,4583,CUS0000005
ORD0005896,2378,CUS0000001
ORD0005897,4667,CUS0000001
ORD0005898,1800,CUS0000002
ORD0005899,500,CUS0000001
ORD0005900,1614,CUS0000009
ORD0005901,1314,CUS0000001
ORD0005902,551,CUS0000001
ORD0005903,2959,CUS0000001
ORD0005904,400,CUS0000001
ORD0005905,1290,CUS0000001
ORD0005906,365,CUS0000002
ORD0005907,4835,CUS0000001
ORD0005908,2544,CUS0000002
ORD0005909,2812,CUS0000001
ORD0005910,818,CUS0000001
ORD0005911,501,CUS0000010
ORD0005912,992,CUS0000003
ORD0005913,3515,CUS0000003
ORD0005914,1560,CUS0000003
ORD0005915,1421,CUS0000001
ORD0005916,2429,CUS0000001
ORD0005917,4973,CUS0000008
ORD0005918,4788,CUS0000002
ORD0005919,4705,CUS0000002
ORD0005920,1553,CUS0000003
ORD0005921,3830,CUS0000004
ORD0005922,4842,CUS0000001
ORD0005923,3050,CUS0000001
ORD0005924,393,CUS0000001
ORD0005925,862,CUS0000001
ORD0005926,2551,CUS0000003
ORD0005927,2744,CUS0000004
ORD0005928,3119,CUS0000005
ORD0005929,3204,CUS0000001
ORD0005930,654,CUS0000001
ORD0005931,3600,CUS0000002
ORD0005932,4609,CUS0000003
ORD0005933,631,CUS0000001
ORD0005934,2498,CUS0000001
ORD0005935,3956,CUS0000002
ORD0005936,1202,CUS0000001
ORD0005937,1099,CUS0000001
ORD0005938,2348,CUS0000005
ORD0005939,2796,CUS0000005
ORD0005940,4417,CUS0000002
ORD0005941,3489,CUS0000001
ORD0005942,4397,CUS0000008
ORD0005943,1819,CUS0000001
ORD0005944,1812,CUS0000001
ORD0005945,576,CUS0000001
ORD0005946,995,CUS0000001
ORD0005947,4780,CUS0000004
ORD0005948,4433,CUS0000004
ORD0005949,818,CUS0000003
ORD0005950,4062,CUS0000002
ORD0005951,2452,CUS0000001
ORD0005952,3598,CUS0000001
ORD0005953,2692,CUS0000001
ORD0005954,2227,CUS0000001
ORD0005955,4404,CUS0000001
ORD0005956,4811,CUS0000003
ORD0005957,2998,CUS0000001
ORD0005958,1162,CUS0000003
ORD0005959,4709,CUS0000001
ORD0005960,4166,CUS0000001
ORD0005961,4357,CUS0000001
ORD0005962,4177,CUS0000001
ORD0005963,4134,CUS0000001
ORD0005964,1573,CUS0000005
ORD0005965,2006,CUS0000005
ORD0005966,2479,CUS0000008
ORD0005967,1685,CUS0000001
ORD0005968,112,CUS0000001
ORD0005969,1068,CUS0000001
ORD0005970,296,CUS0000001
ORD0005971,3908,CUS0000004
ORD0005972,1066,CUS0000002
ORD0005973,1798,CUS0000001
ORD0005974,3496,CUS0000010
ORD0005975,3491,CUS0000002
ORD0005976,472,CUS0000002
ORD0005977,2834,CUS0000001
ORD0005978,2964,CUS0000001
ORD0005979,4690,CUS0000001
ORD0005980,1839,CUS0000001
ORD0005981,192,CUS0000001
ORD0005982,1748,CUS0000005
ORD0005983,2407,CUS0000002
ORD0005984,2184,CUS0000001
ORD0005985,655,CUS0000001
ORD0005986,2621,CUS0000001
ORD0005987,2559,CUS0000008
ORD0005988,4250,CUS0000001
ORD0005989,4605,CUS0000006
ORD0005990,2753,CUS0000001
ORD0005991,150,CUS0000001
ORD0005992,1032,CUS0000008
ORD0005993,2830,CUS0000007
ORD0005994,2896,CUS0000005
ORD0005995,3344,CUS0000002
ORD0005996,4760,CUS0000007
ORD0005997,338,CUS0000007
ORD0005998,1538,CUS0000002
ORD0005999,1689,CUS0000009
ORD0006000,2807,CUS0000001
ORD0006001,2868,CUS0000008
ORD0006002,4024,CUS0000001
ORD0006003,3987,CUS0000003
ORD0006004,391,CUS0000002
ORD0006005,1212,CUS0000002
ORD0006006,4044,CUS0000001
ORD0006007,1372,CUS0000001
ORD0006008,3873,CUS0000001
ORD0006009,4498,CUS0000001
ORD0006010,2845,CUS0000003
ORD0006011,3888,CUS0000001
ORD0006012,3491,CUS0000004
ORD0006013,558,CUS0000002
ORD0006014,4368,CUS0000002
ORD0006015,2552,CUS0000002
ORD0006016,4728,CUS0000008
ORD0006017,2684,CUS0000002
ORD0006018,4648,CUS0000001
ORD0006019,4489,CUS0000001
ORD0006020,253,CUS0000002
ORD0006021,1806,CUS0000006
ORD0006022,4830,CUS0000001
ORD0006023,2817,CUS0000005
ORD0006024,2996,CUS0000001
ORD0006025,642,CUS0000003
ORD0006026,1323,CUS0000002
ORD0006027,2397,CUS0000001
ORD0006028,355,CUS0000001
ORD0006029,2878,CUS0000002
ORD0006030,3173,CUS0000003
ORD0006031,4476,CUS0000001
ORD0006032,1459,CUS0000006
ORD0006033,4777,CUS0000001
ORD0006034,3291,CUS0000005
ORD0006035,1635,CUS0000001
ORD0006036,4975,CUS0000001
ORD0006037,1057,CUS0000010
ORD0006038,2625,CUS0000001
ORD0006039,2676,CUS0000003
ORD0006040,359,CUS0000009
ORD0006041,2324,CUS0000001
ORD0006042,3490,CUS0000001
ORD0006043,811,CUS0000003
ORD0006044,4171,CUS0000001
ORD0006045,2046,CUS0000001
ORD0006046,3144,CUS0000001
ORD0006047,3802,CUS0000007
ORD0006048,2579,CUS0000001
ORD0006049,1870,CUS0000010
ORD0006050,4401,CUS0000002
ORD0006051,2576,CUS0000006
ORD0006052,1533,CUS0000006
ORD0006053,1019,CUS0000001
ORD0006054,3165,CUS0000007
ORD0006055,406,CUS0000002
ORD0006056,1755,CUS0000001
ORD0006057,858,CUS0000001
ORD0006058,3735,CUS0000002
ORD0006059,4245,CUS0000003
ORD0006060,304,CUS0000007
ORD0006061,4053,CUS0000001
ORD0006062,4196,CUS0000001
ORD0006063,1362,CUS0000001
ORD0006064,1658,CUS0000001
ORD0006065,2886,CUS0000003
ORD0006066,4060,CUS0000003
ORD0006067,4389,CUS0000007
ORD0006068,2642,CUS0000001
ORD0006069,2781,CUS0000010
ORD0006070,1273,CUS0000004
ORD0006071,904,CUS0000006
ORD0006072,4328,CUS0000001
ORD0006073,1187,CUS0000002
ORD0006074,1780,CUS0000001
ORD0006075,399,CUS0000002
ORD0006076,3863,CUS0000001
ORD0006077,3275,CUS0000003
ORD0006078,4379,CUS0000007
ORD0006079,1048,CUS0000003
ORD0006080,133,CUS0000002
ORD0006081,2647,CUS0000001
ORD0006082,460,CUS0000003
ORD0006083,4968,CUS0000009
ORD0006084,813,CUS0000002
ORD0006085,2830,CUS0000002
ORD0006086,3924,CUS0000001
ORD0006087,477,CUS0000004
ORD0006088,944,CUS0000001
ORD0006089,4364,CUS0000001
ORD0006090,2659,CUS0000001
ORD0006091,284,CUS0000004
ORD0006092,4831,CUS0000001
ORD0006093,2657,CUS0000001
ORD0006094,1819,CUS0000001
ORD0006095,2728,CUS0000001
ORD0006096,1742,CUS0000002
ORD0006097,1677,CUS0000001
ORD0006098,2447,CUS0000003
ORD0006099,2366,CUS0000003
ORD0006100,4460,CUS0000001
ORD0006101,2714,CUS0000003
ORD0006102,3713,CUS0000003
ORD0006103,1063,CUS0000004
ORD0006104,2333,CUS0000001
ORD0006105,1323,CUS0000003
ORD0006106,1390,CUS0000004
ORD0006107,2341,CUS0000001
ORD0006108,1037,CUS0000001
ORD0006109,224,CUS0000001
ORD0006110,4684,CUS0000001
ORD0006111,4311,CUS0000001
ORD0006112,938,CUS0000005
ORD0006113,1792,CUS0000001
ORD0006114,4544,CUS0000001
ORD0006115,2969,CUS0000001
ORD0006116,4600,CUS0000001
ORD0006117,2709,CUS0000001
ORD0006118,2320,CUS0000001
ORD0006119,1259,CUS0000003
ORD0006120,2420,CUS0000001
ORD0006121,4802,CUS0000003
ORD0006122,2105,CUS0000003
ORD0006123,1503,CUS0000006
ORD0006124,683,CUS0000002
ORD0006125,2650,CUS0000006
ORD0006126,2874,CUS0000002
ORD0006127,4528,CUS0000008
ORD0006128,3734,CUS0000002
ORD0006129,515,CUS0000001
ORD0006130,1165,CUS0000001
ORD0006131,337,CUS0000004
ORD0006132,3956,CUS0000002
ORD0006133,513,CUS0000002
ORD0006134,967,CUS0000001
ORD0006135,3242,CUS0000001
ORD0006136,540,CUS0000001
ORD0006137,805,CUS0000004
ORD0006138,3593,CUS0000001
ORD0006139,3310,CUS0000001
ORD0006140,1566,CUS0000002
ORD0006141,4983,CUS0000007
ORD0006142,4955,CUS0000004
ORD0006143,3752,CUS0000004
ORD0006144,3013,CUS0000001
ORD0006145,2659,CUS0000001
ORD0006146,2822,CUS0000003
ORD0006147,1723,CUS0000001
ORD0006148,4470,CUS0000001
ORD0006149,743,CUS0000002
ORD0006150,3914,CUS0000004
ORD0006151,4751,CUS0000001
ORD0006152,1179,CUS0000001
ORD0006153,861,CUS0000003
ORD0006154,3936,CUS0000002
ORD0006155,896,CUS0000005
ORD0006156,3832,CUS0000002
ORD0006157,2642,CUS0000001
ORD0006158,3912,CUS0000002
ORD0006159,3954,CUS0000003
ORD0006160,1998,CUS0000004
ORD0006161,1933,CUS0000001
ORD0006162,1277,CUS0000001
ORD0006163,2213,CUS0000005
ORD0006164,3077,CUS0000004
ORD0006165,3311,CUS0000001
ORD0006166,1602,CUS0000001
ORD0006167,2806,CUS0000005
ORD0006168,2760,CUS0000002
ORD0006169,3813,CUS0000001
ORD0006170,4093,CUS0000002
ORD0006171,347,CUS0000001
ORD0006172,635,CUS0000002
ORD0006173,3993,CUS0000001
ORD0006174,1024,CUS0000001
ORD0006175,2979,CUS0000002
ORD0006176,4021,CUS0000004
ORD0006177,3878,CUS0000001
ORD0006178,1499,CUS0000001
ORD0006179,2412,CUS0000005
ORD0006180,2955,CUS0000001
ORD0006181,4807,CUS0000004
ORD0006182,1143,CUS0000003
ORD0006183,4261,CUS0000001
ORD0006184,943,CUS0000001
ORD0006185,3423,CUS0000001
ORD0006186,976,CUS0000001
ORD0006187,2769,CUS0000002
ORD0006188,4655,CUS0000001
ORD0006189,681,CUS0000003
ORD0006190,2574,CUS0000001
ORD0006191,4464,CUS0000003
ORD0006192,3876,CUS0000010
ORD0006193,3383,CUS0000001
ORD0006194,4937,CUS0000001
ORD0006195,3486,CUS0000001
ORD0006196,2054,CUS0000001
ORD0006197,2096,CUS0000002
ORD0006198,4588,CUS0000001
ORD0006199,1402,CUS0000004
ORD0006200,4051,CUS0000001
ORD0006201,3244,CUS0000001
ORD0006202,641,CUS0000003
ORD0006203,2891,CUS0000004
ORD0006204,1805,CUS0000002
ORD0006205,4941,CUS0000001
ORD0006206,3631,CUS0000001
ORD0006207,3666,CUS0000008
ORD0006208,4746,CUS0000001
ORD0006209,2903,CUS0000004
ORD0006210,4560,CUS0000002
ORD0006211,2034,CUS0000001
ORD0006212,1517,CUS0000004
ORD0006213,738,CUS0000003
ORD0006214,4803,CUS0000002
ORD0006215,4086,CUS0000003
ORD0006216,1036,CUS0000010
ORD0006217,4951,CUS0000001
ORD0006218,4983,CUS0000002
ORD0006219,3892,CUS0000004
ORD0006220,2765,CUS0000002
ORD0006221,4647,CUS0000001
ORD0006222,899,CUS0000001
ORD0006223,3747,CUS0000001
ORD0006224,1543,CUS0000002
ORD0006225,2623,CUS0000001
ORD0006226,3424,CUS0000002
ORD0006227,670,CUS0000002
ORD0006228,5000,CUS0000001
ORD0006229,990,CUS0000002
ORD0006230,4985,CUS0000003
ORD0006231,3204,CUS0000001
ORD0006232,2782,CUS0000004
ORD0006233,4149,CUS0000001
ORD0006234,603,CUS0000002
ORD0006235,841,CUS0000001
ORD0006236,1882,CUS0000001
ORD0006237,1238,CUS0000001
ORD0006238,4857,CUS0000001
ORD0006239,101,CUS0000001
ORD0006240,1301,CUS0000002
ORD0006241,1322,CUS0000001
ORD0006242,3810,CUS0000001
ORD0006243,4452,CUS0000001
ORD0006244,2487,CUS0000001
ORD0006245,3294,CUS0000001
ORD0006246,4834,CUS0000001
ORD0006247,3763,CUS0000002
ORD0006248,1702,CUS0000002
ORD0006249,1784,CUS0000001
ORD0006250,2693,CUS0000002
ORD0006251,2555,CUS0000001
ORD0006252,4771,CUS0000001
ORD0006253,2594,CUS0000001
ORD0006254,3661,CUS0000001
ORD0006255,2920,CUS0000001
ORD0006256,831,CUS0000002
ORD0006257,4873,CUS0000001
ORD0006258,166,CUS0000004
ORD0006259,4281,CUS0000004
ORD0006260,3411,CUS0000001
ORD0006261,1144,CUS0000001
ORD0006262,2509,CUS0000003
ORD0006263,611,CUS0000002
ORD0006264,3124,CUS0000001
ORD0006265,4596,CUS0000001
ORD0006266,535,CUS0000001
ORD0006267,106,CUS0000005
ORD0006268,4687,CUS0000002
ORD0006269,3042,CUS0000002
ORD0006270,998,CUS0000004
ORD0006271,2411,CUS0000001
ORD0006272,355,CUS0000002
ORD0006273,2027,CUS0000002
ORD0006274,3636,CUS0000007
ORD0006275,4934,CUS0000007
ORD0006276,3329,CUS0000001
ORD0006277,2706,CUS0000001
ORD0006278,3235,CUS0000001
ORD0006279,3426,CUS0000001
ORD0006280,3225,CUS0000001
ORD0006281,3665,CUS0000001
ORD0006282,4565,CUS0000004
ORD0006283,1830,CUS0000001
ORD0006284,1520,CUS0000002
ORD0006285,3990,CUS0000002
ORD0006286,1239,CUS0000001
ORD0006287,1641,CUS0000002
ORD0006288,4650,CUS0000001
ORD0006289,3250,CUS0000005
ORD0006290,3051,CUS0000001
ORD0006291,3517,CUS0000008
ORD0006292,1363,CUS0000001
ORD0006293,2463,CUS0000007
ORD0006294,1128,CUS0000002
ORD0006295,1200,CUS0000001
ORD0006296,195,CUS0000003
ORD0006297,687,CUS0000002
ORD0006298,228,CUS0000001
ORD0006299,1279,CUS0000001
ORD0006300,4087,CUS0000001
ORD0006301,3677,CUS0000001
ORD0006302,1212,CUS0000003
ORD0006303,793,CUS0000002
ORD0006304,1224,CUS0000001
ORD0006305,3506,CUS0000001
ORD0006306,3835,CUS0000002
ORD0006307,3587,CUS0000002
ORD0006308,1572,CUS0000003
ORD0006309,3822,CUS0000001
ORD0006310,4273,CUS0000001
ORD0006311,3574,CUS0000001
ORD0006312,4622,CUS0000001
ORD0006313,3786,CUS0000003
ORD0006314,3251,CUS0000001
ORD0006315,3010,CUS0000003
ORD0006316,1949,CUS0000002
ORD0006317,1622,CUS0000001
ORD0006318,3579,CUS0000001
ORD0006319,160,CUS0000004
ORD0006320,4834,CUS0000001
ORD0006321,4180,CUS0000005
ORD0006322,2039,CUS0000004
ORD0006323,4210,CUS0000001
ORD0006324,2305,CUS0000009
ORD0006325,3465,CUS0000001
ORD0006326,4574,CUS0000001
ORD0006327,4821,CUS0000003
ORD0006328,3106,CUS0000003
ORD0006329,374,CUS0000005
ORD0006330,410,CUS0000001
ORD0006331,4754,CUS0000001
ORD0006332,4058,CUS0000001
ORD0006333,3119,CUS0000002
ORD0006334,1027,CUS0000001
ORD0006335,4853,CUS0000003
ORD0006336,4044,CUS0000001
ORD0006337,755,CUS0000008
ORD0006338,1263,CUS0000006
ORD0006339,4412,CUS0000001
ORD0006340,2389,CUS0000001
ORD0006341,3908,CUS0000001
ORD0006342,4334,CUS0000001
ORD0006343,740,CUS0000001
ORD0006344,4387,CUS0000001
ORD0006345,824,CUS0000002
ORD0006346,2108,CUS0000004
ORD0006347,3970,CUS0000002
ORD0006348,739,CUS0000007
ORD0006349,4517,CUS0000003
ORD0006350,4848,CUS0000003
ORD0006351,2659,CUS0000001
ORD0006352,532,CUS0000002
ORD0006353,2914,CUS0000001
ORD0006354,4482,CUS0000001
ORD0006355,188,CUS0000009
ORD0006356,3940,CUS0000001
ORD0006357,3819,CUS0000009
ORD0006358,4299,CUS0000001
ORD0006359,3943,CUS0000004
ORD0006360,4801,CUS0000001
ORD0006361,2815,CUS0000003
ORD0006362,3548,CUS0000001
ORD0006363,2991,CUS0000003
ORD0006364,2513,CUS0000001
ORD0006365,2469,CUS0000005
ORD0006366,1472,CUS0000001
ORD0006367,389,CUS0000007
ORD0006368,4995,CUS0000001
ORD0006369,2590,CUS0000003
ORD0006370,4717,CUS0000001
ORD0006371,2233,CUS0000004
ORD0006372,603,CUS0000001
ORD0006373,3976,CUS0000001
ORD0006374,4836,CUS0000003
ORD0006375,1485,CUS0000001
ORD0006376,4792,CUS0000001
ORD0006377,522,CUS0000001
ORD0006378,2490,CUS0000001
ORD0006379,323,CUS0000001
ORD0006380,2449,CUS0000002
ORD0006381,4071,CUS0000002
ORD0006382,775,CUS0000003
ORD0006383,1138,CUS0000004
ORD0006384,4241,CUS0000002
ORD0006385,729,CUS0000002
ORD0006386,2376,CUS0000001
ORD0006387,2164,CUS0000002
ORD0006388,1185,CUS0000002
ORD0006389,2401,CUS0000001
ORD0006390,2354,CUS0000001
ORD0006391,2204,CUS0000001
ORD0006392,216,CUS0000001
ORD0006393,1013,CUS0000001
ORD0006394,1530,CUS0000006
ORD0006395,4947,CUS0000005
ORD0006396,1338,CUS0000003
ORD0006397,3758,CUS0000008
ORD0006398,3129,CUS0000007
ORD0006399,1536,CUS0000002
ORD0006400,2240,CUS0000002
ORD0006401,2034,CUS0000003
ORD0006402,4072,CUS0000001
ORD0006403,1581,CUS0000001
ORD0006404,4420,CUS0000001
ORD0006405,371,CUS0000001
ORD0006406,2908,CUS0000001
ORD0006407,791,CUS0000002
ORD0006408,1288,CUS0000005
ORD0006409,4978,CUS0000006
ORD0006410,1362,CUS0000001
ORD0006411,4162,CUS0000001
ORD0006412,3482,CUS0000004
ORD0006413,3238,CUS0000010
ORD0006414,2049,CUS0000001
ORD0006415,3705,CUS0000001
ORD0006416,1470,CUS0000004
ORD0006417,1827,CUS0000001
ORD0006418,4832,CUS0000001
ORD0006419,2926,CUS0000002
ORD0006420,545,CUS0000007
ORD0006421,2265,CUS0000001
ORD0006422,1050,CUS0000001
ORD0006423,530,CUS0000001
ORD0006424,1472,CUS0000003
ORD0006425,3901,CUS0000001
ORD0006426,3366,CUS0000001
ORD0006427,4001,CUS0000009
ORD0006428,2568,CUS0000001
ORD0006429,4001,CUS0000003
ORD0006430,4462,CUS0000001
ORD0006431,2014,CUS0000001
ORD0006432,3211,CUS0000002
ORD0006433,3295,CUS0000001
ORD0006434,3987,CUS0000001
ORD0006435,2251,CUS0000004
ORD0006436,1289,CUS0000001
ORD0006437,4445,CUS0000001
ORD0006438,3661,CUS0000001
ORD0006439,197,CUS0000001
ORD0006440,2465,CUS0000001
ORD0006441,3776,CUS0000002
ORD0006442,3229,CUS0000003
ORD0006443,2686,CUS0000001
ORD0006444,4443,CUS0000002
ORD0006445,436,CUS0000001
ORD0006446,897,CUS0000001
ORD0006447,4452,CUS0000001
ORD0006448,2998,CUS0000005
ORD0006449,3637,CUS0000002
ORD0006450,2333,CUS0000003
ORD0006451,2844,CUS0000001
ORD0006452,2314,CUS0000001
ORD0006453,2287,CUS0000003
ORD0006454,905,CUS0000007
ORD0006455,2191,CUS0000002
ORD0006456,4885,CUS0000002
ORD0006457,3304,CUS0000001
ORD0006458,3877,CUS0000001
ORD0006459,2080,CUS0000001
ORD0006460,4922,CUS0000001
ORD0006461,1696,CUS0000001
ORD0006462,4359,CUS0000007
ORD0006463,2864,CUS0000003
ORD0006464,1573,CUS0000005
ORD0006465,2666,CUS0000001
ORD0006466,4586,CUS0000002
ORD0006467,186,CUS0000001
ORD0006468,169,CUS0000003
ORD0006469,656,CUS0000004
ORD0006470,197,CUS0000002
ORD0006471,3468,CUS0000004
ORD0006472,900,CUS0000001
ORD0006473,4402,CUS0000001
ORD0006474,951,CUS0000001
ORD0006475,3753,CUS0000001
ORD0006476,2979,CUS0000004
ORD0006477,1897,CUS0000001
ORD0006478,2420,CUS0000003
ORD0006479,2163,CUS0000001
ORD0006480,1681,CUS0000001
ORD0006481,378,CUS0000004
ORD0006482,294,CUS0000001
ORD0006483,853,CUS0000001
ORD0006484,565,CUS0000001
ORD0006485,4967,CUS0000010
ORD0006486,1876,CUS0000002
ORD0006487,1097,CUS0000001
ORD0006488,1082,CUS0000001
ORD0006489,807,CUS0000006
ORD0006490,1164,CUS0000001
ORD0006491,3179,CUS0000005
ORD0006492,4737,CUS0000001
ORD0006493,1613,CUS0000001
ORD0006494,1008,CUS0000001
ORD0006495,1609,CUS0000001
ORD0006496,2175,CUS0000003
ORD0006497,2513,CUS0000001
ORD0006498,3925,CUS0000001
ORD0006499,720,CUS0000001
ORD0006500,3814,CUS0000006
ORD0006501,2364,CUS0000001
ORD0006502,3597,CUS0000004
ORD0006503,2749,CUS0000002
ORD0006504,2208,CUS0000001
ORD0006505,1426,CUS0000002
ORD0006506,706,CUS0000001
ORD0006507,2371,CUS0000005
ORD0006508,611,CUS0000001
ORD0006509,3235,CUS0000002
ORD0006510,3283,CUS0000006
ORD0006511,2825,CUS0000002
ORD0006512,592,CUS0000009
ORD0006513,2215,CUS0000004
ORD0006514,2268,CUS0000001
ORD0006515,1557,CUS0000008
ORD0006516,3709,CUS0000001
ORD0006517,668,CUS0000001
ORD0006518,4128,CUS0000002
ORD0006519,1743,CUS0000004
ORD0006520,3316,CUS0000010
ORD0006521,1561,CUS0000004
ORD0006522,4130,CUS0000001
ORD0006523,988,CUS0000001
ORD0006524,1278,CUS0000005
ORD0006525,4528,CUS0000006
ORD0006526,3632,CUS0000003
ORD0006527,1889,CUS0000002
ORD0006528,970,CUS0000001
ORD0006529,3717,CUS0000001
ORD0006530,2221,CUS0000002
ORD0006531,946,CUS0000002
ORD0006532,385,CUS0000001
ORD0006533,697,CUS0000001
ORD0006534,676,CUS0000001
ORD0006535,4780,CUS0000003
ORD0006536,2152,CUS0000001
ORD0006537,3752,CUS0000004
ORD0006538,253,CUS0000002
ORD0006539,4177,CUS0000010
ORD0006540,1319,CUS0000002
ORD0006541,107,CUS0000001
ORD0006542,409,CUS0000001
ORD0006543,3298,CUS0000002
ORD0006544,2282,CUS0000007
ORD0006545,1341,CUS0000003
ORD0006546,2801,CUS0000001
ORD0006547,3305,CUS0000001
ORD0006548,4807,CUS0000004
ORD0006549,130,CUS0000001
ORD0006550,4322,CUS0000002
ORD0006551,4119,CUS0000002
ORD0006552,4016,CUS0000007
ORD0006553,3672,CUS0000001
ORD0006554,3408,CUS0000002
ORD0006555,674,CUS0000004
ORD0006556,4524,CUS0000005
ORD0006557,1950,CUS0000002
ORD0006558,127,CUS0000004
ORD0006559,3249,CUS0000002
ORD0006560,4049,CUS0000003
ORD0006561,1092,CUS0000003
ORD0006562,4746,CUS0000002
ORD0006563,4485,CUS0000003
ORD0006564,3040,CUS0000005
ORD0006565,2831,CUS0000001
ORD0006566,2580,CUS0000002
ORD0006567,3381,CUS0000001
ORD0006568,552,CUS0000004
ORD0006569,842,CUS0000002
ORD0006570,3092,CUS0000002
ORD0006571,4479,CUS0000002
ORD0006572,2885,CUS0000001
ORD0006573,759,CUS0000002
ORD0006574,3865,CUS0000001
ORD0006575,2475,CUS0000003
ORD0006576,1763,CUS0000006
ORD0006577,1546,CUS0000002
ORD0006578,4642,CUS0000004
ORD0006579,422,CUS0000005
ORD0006580,3247,CUS0000008
ORD0006581,1664,CUS0000006
ORD0006582,2548,CUS0000001
ORD0006583,3295,CUS0000005
ORD0006584,974,CUS0000004
ORD0006585,3043,CUS0000001
ORD0006586,4085,CUS0000004
ORD0006587,795,CUS0000004
ORD0006588,3687,CUS0000001
ORD0006589,1652,CUS0000002
ORD0006590,1246,CUS0000008
ORD0006591,392,CUS0000001
ORD0006592,1681,CUS0000002
ORD0006593,307,CUS0000001
ORD0006594,4957,CUS0000002
ORD0006595,2053,CUS0000001
ORD0006596,4107,CUS0000002
ORD0006597,3284,CUS0000001
ORD0006598,616,CUS0000001
ORD0006599,4528,CUS0000006
ORD0006600,2620,CUS0000002
ORD0006601,4193,CUS0000001
ORD0006602,4474,CUS0000001
ORD0006603,3780,CUS0000002
ORD0006604,234,CUS0000010
ORD0006605,403,CUS0000001
ORD0006606,2879,CUS0000002
ORD0006607,559,CUS0000001
ORD0006608,2866,CUS0000002
ORD0006609,450,CUS0000006
ORD0006610,3421,CUS0000002
ORD0006611,1068,CUS0000006
ORD0006612,1834,CUS0000002
ORD0006613,4385,CUS0000002
ORD0006614,3854,CUS0000002
ORD0006615,4495,CUS0000001
ORD0006616,1320,CUS0000004
ORD0006617,4846,CUS0000001
ORD0006618,2008,CUS0000001
ORD0006619,690,CUS0000001
ORD0006620,402,CUS0000001
ORD0006621,1259,CUS0000002
ORD0006622,4105,CUS0000009
ORD0006623,256,CUS0000006
ORD0006624,3960,CUS0000002
ORD0006625,475,CUS0000001
ORD0006626,2088,CUS0000001
ORD0006627,1169,CUS0000004
ORD0006628,217,CUS0000004
ORD0006629,1511,CUS0000001
ORD0006630,509,CUS0000003
ORD0006631,2617,CUS0000002
ORD0006632,897,CUS0000001
ORD0006633,3837,CUS0000002
ORD0006634,1498,CUS0000001
ORD0006635,4941,CUS0000002
ORD0006636,623,CUS0000002
ORD0006637,971,CUS0000001
ORD0006638,1035,CUS0000002
ORD0006639,4172,CUS0000007
ORD0006640,4974,CUS0000001
ORD0006641,1906,CUS0000002
ORD0006642,616,CUS0000004
ORD0006643,1760,CUS0000001
ORD0006644,3591,CUS0000004
ORD0006645,2863,CUS0000006
ORD0006646,3393,CUS0000003
ORD0006647,2756,CUS0000004
ORD0006648,1089,CUS0000001
ORD0006649,4818,CUS0000001
ORD0006650,4571,CUS0000007
ORD0006651,1225,CUS0000001
ORD0006652,2734,CUS0000005
ORD0006653,1846,CUS0000004
ORD0006654,473,CUS0000001
ORD0006655,4958,CUS0000001
ORD0006656,1520,CUS0000002
ORD0006657,2848,CUS0000003
ORD0006658,617,CUS0000005
ORD0006659,1089,CUS0000001
ORD0006660,2343,CUS0000006
ORD0006661,1257,CUS0000005
ORD0006662,3500,CUS0000004
ORD0006663,1476,CUS0000001
ORD0006664,3130,CUS0000003
ORD0006665,4633,CUS0000001
ORD0006666,1451,CUS0000002
ORD0006667,3693,CUS0000002
ORD0006668,2095,CUS0000002
ORD0006669,4867,CUS0000006
ORD0006670,433,CUS0000001
ORD0006671,1192,CUS0000010
ORD0006672,918,CUS0000001
ORD0006673,3181,CUS0000009
ORD0006674,1392,CUS0000001
ORD0006675,228,CUS0000001
ORD0006676,4089,CUS0000001
ORD0006677,761,CUS0000001
ORD0006678,152,CUS0000002
ORD0006679,159,CUS0000004
ORD0006680,1569,CUS0000004
ORD0006681,830,CUS0000001
ORD0006682,4963,CUS0000008
ORD0006683,2424,CUS0000001
ORD0006684,3509,CUS0000001
ORD0006685,3999,CUS0000002
ORD0006686,1139,CUS0000001
ORD0006687,1788,CUS0000002
ORD0006688,1272,CUS0000001
ORD0006689,2319,CUS0000003
ORD0006690,4385,CUS0000001
ORD0006691,3789,CUS0000001
ORD0006692,3475,CUS0000001
ORD0006693,2059,CUS0000002
ORD0006694,1529,CUS0000001
ORD0006695,408,CUS0000002
ORD0006696,4984,CUS0000001
ORD0006697,1574,CUS0000001
ORD0006698,4195,CUS0000001
ORD0006699,821,CUS0000003
ORD0006700,2567,CUS0000001
ORD0006701,2949,CUS0000001
ORD0006702,3530,CUS0000001
ORD0006703,137,CUS0000001
ORD0006704,4668,CUS0000001
ORD0006705,2030,CUS0000001
ORD0006706,1672,CUS0000001
ORD0006707,1062,CUS0000003
ORD0006708,4443,CUS0000001
ORD0006709,883,CUS0000001
ORD0006710,3064,CUS0000001
ORD0006711,4521,CUS0000005
ORD0006712,4257,CUS0000002
ORD0006713,1896,CUS0000002
ORD0006714,3902,CUS0000001
ORD0006715,1804,CUS0000002
ORD0006716,2364,CUS0000001
ORD0006717,534,CUS0000005
ORD0006718,1686,CUS0000003
ORD0006719,1023,CUS0000004
ORD0006720,1322,CUS0000007
ORD0006721,3986,CUS0000007
ORD0006722,4175,CUS0000009
ORD0006723,1544,CUS0000002
ORD0006724,1408,CUS0000007
ORD0006725,453,CUS0000001
ORD0006726,542,CUS0000004
ORD0006727,3083,CUS0000001
ORD0006728,2435,CUS0000007
ORD0006729,1816,CUS0000002
ORD0006730,3660,CUS0000001
ORD0006731,2159,CUS0000009
ORD0006732,2838,CUS0000001
ORD0006733,3812,CUS0000001
ORD0006734,454,CUS0000001
ORD0006735,955,CUS0000001
ORD0006736,529,CUS0000007
ORD0006737,4502,CUS0000001
ORD0006738,1540,CUS0000007
ORD0006739,1394,CUS0000001
ORD0006740,338,CUS0000006
ORD0006741,4073,CUS0000001
ORD0006742,4318,CUS0000001
ORD0006743,1050,CUS0000007
ORD0006744,680,CUS0000001
ORD0006745,2027,CUS0000001
ORD0006746,3743,CUS0000010
ORD0006747,4955,CUS0000006
ORD0006748,4849,CUS0000002
ORD0006749,2770,CUS0000001
ORD0006750,3532,CUS0000001
ORD0006751,1728,CUS0000001
ORD0006752,2768,CUS0000001
ORD0006753,1984,CUS0000001
ORD0006754,1002,CUS0000004
ORD0006755,2771,CUS0000009
ORD0006756,1965,CUS0000001
ORD0006757,903,CUS0000001
ORD0006758,2042,CUS0000002
ORD0006759,3479,CUS0000009
ORD0006760,1738,CUS0000001
ORD0006761,3176,CUS0000001
ORD0006762,1907,CUS0000001
ORD0006763,702,CUS0000006
ORD0006764,3958,CUS0000002
ORD0006765,4893,CUS0000001
ORD0006766,4068,CUS0000002
ORD0006767,545,CUS0000003
ORD0006768,3670,CUS0000001
ORD0006769,1287,CUS0000002
ORD0006770,1870,CUS0000001
ORD0006771,3827,CUS0000005
ORD0006772,1558,CUS0000001
ORD0006773,3273,CUS0000001
ORD0006774,3159,CUS0000004
ORD0006775,1217,CUS0000001
ORD0006776,3849,CUS0000001
ORD0006777,1690,CUS0000001
ORD0006778,3037,CUS0000001
ORD0006779,2309,CUS0000003
ORD0006780,1756,CUS0000004
ORD0006781,2851,CUS0000001
ORD0006782,1142,CUS0000002
ORD0006783,362,CUS0000007
ORD0006784,4758,CUS0000006
ORD0006785,588,CUS0000003
ORD0006786,2398,CUS0000001
ORD0006787,1218,CUS0000002
ORD0006788,1010,CUS0000006
ORD0006789,3913,CUS0000001
ORD0006790,3856,CUS0000004
ORD0006791,3526,CUS0000002
ORD0006792,1502,CUS0000005
ORD0006793,2914,CUS0000006
ORD0006794,1901,CUS0000002
ORD0006795,2517,CUS0000004
ORD0006796,1384,CUS0000001
ORD0006797,1492,CUS0000001
ORD0006798,4835,CUS0000002
ORD0006799,4628,CUS0000009
ORD0006800,1981,CUS0000001
ORD0006801,808,CUS0000002
ORD0006802,3472,CUS0000003
ORD0006803,4374,CUS0000001
ORD0006804,4107,CUS0000003
ORD0006805,1873,CUS0000002
ORD0006806,4946,CUS0000001
ORD0006807,3978,CUS0000001
ORD0006808,3890,CUS0000004
ORD0006809,2386,CUS0000005
ORD0006810,218,CUS0000002
ORD0006811,3607,CUS0000005
ORD0006812,2120,CUS0000005
ORD0006813,2130,CUS0000001
ORD0006814,2781,CUS0000003
ORD0006815,3657,CUS0000001
ORD0006816,4846,CUS0000001
ORD0006817,1921,CUS0000001
ORD0006818,4947,CUS0000003
ORD0006819,1320,CUS0000008
ORD0006820,4799,CUS0000001
ORD0006821,141,CUS0000004
ORD0006822,3522,CUS0000002
ORD0006823,462,CUS0000003
ORD0006824,428,CUS0000001
ORD0006825,3955,CUS0000003
ORD0006826,4230,CUS0000010
ORD0006827,375,CUS0000001
ORD0006828,3587,CUS0000003
ORD0006829,4450,CUS0000001
ORD0006830,3330,CUS0000007
ORD0006831,4026,CUS0000001
ORD0006832,902,CUS0000001
ORD0006833,3806,CUS0000004
ORD0006834,4157,CUS0000001
ORD0006835,2070,CUS0000004
ORD0006836,780,CUS0000001
ORD0006837,4675,CUS0000001
ORD0006838,201,CUS0000002
ORD0006839,3431,CUS0000001
ORD0006840,1885,CUS0000005
ORD0006841,1187,CUS0000001
ORD0006842,3036,CUS0000002
ORD0006843,2523,CUS0000001
ORD0006844,2058,CUS0000001
ORD0006845,843,CUS0000010
ORD0006846,230,CUS0000003
ORD0006847,4030,CUS0000002
ORD0006848,2597,CUS0000001
ORD0006849,1425,CUS0000001
ORD0006850,3862,CUS0000010
ORD0006851,4772,CUS0000007
ORD0006852,4881,CUS0000003
ORD0006853,299,CUS0000001
ORD0006854,3826,CUS0000001
ORD0006855,3899,CUS0000001
ORD0006856,1235,CUS0000002
ORD0006857,3420,CUS0000007
ORD0006858,1615,CUS0000001
ORD0006859,3134,CUS0000002
ORD0006860,3903,CUS0000001
ORD0006861,111,CUS0000001
ORD0006862,679,CUS0000001
ORD0006863,3252,CUS0000002
ORD0006864,2827,CUS0000001
ORD0006865,4449,CUS0000002
ORD0006866,367,CUS0000003
ORD0006867,2529,CUS0000001
ORD0006868,3588,CUS0000001
ORD0006869,2310,CUS0000002
ORD0006870,4543,CUS0000001
ORD0006871,4812,CUS0000002
ORD0006872,1796,CUS0000001
ORD0006873,763,CUS0000001
ORD0006874,2850,CUS0000006
ORD0006875,549,CUS0000001
ORD0006876,4316,CUS0000001
ORD0006877,3081,CUS0000001
ORD0006878,522,CUS0000002
ORD0006879,1009,CUS0000003
ORD0006880,3237,CUS0000002
ORD0006881,3094,CUS0000002
ORD0006882,3912,CUS0000009
ORD0006883,434,CUS0000002
ORD0006884,3094,CUS0000003
ORD0006885,3101,CUS0000002
ORD0006886,1535,CUS0000001
ORD0006887,4677,CUS0000001
ORD0006888,648,CUS0000006
ORD0006889,4693,CUS0000001
ORD0006890,1777,CUS0000003
ORD0006891,1233,CUS0000002
ORD0006892,2843,CUS0000002
ORD0006893,2054,CUS0000002
ORD0006894,4520,CUS0000001
ORD0006895,1030,CUS0000001
ORD0006896,4019,CUS0000002
ORD0006897,4852,CUS0000001
ORD0006898,1818,CUS0000004
ORD0006899,1946,CUS0000006
ORD0006900,2725,CUS0000003
ORD0006901,2989,CUS0000001
ORD0006902,2290,CUS0000001
ORD0006903,4225,CUS0000001
ORD0006904,3564,CUS0000006
ORD0006905,2370,CUS0000001
ORD0006906,546,CUS0000001
ORD0006907,619,CUS0000001
ORD0006908,3154,CUS0000003
ORD0006909,2928,CUS0000002
ORD0006910,3806,CUS0000001
ORD0006911,4083,CUS0000002
ORD0006912,4207,CUS0000001
ORD0006913,4414,CUS0000004
ORD0006914,1105,CUS0000008
ORD0006915,3951,CUS0000001
ORD0006916,4457,CUS0000002
ORD0006917,4465,CUS0000009
ORD0006918,2494,CUS0000001
ORD0006919,3802,CUS0000002
ORD0006920,3115,CUS0000001
ORD0006921,637,CUS0000001
ORD0006922,1642,CUS0000002
ORD0006923,3850,CUS0000006
ORD0006924,815,CUS0000002
ORD0006925,756,CUS0000003
ORD0006926,3300,CUS0000001
ORD0006927,1564,CUS0000004
ORD0006928,2462,CUS0000001
ORD0006929,730,CUS0000002
ORD0006930,995,CUS0000001
ORD0006931,1449,CUS0000003
ORD0006932,2360,CUS0000004
ORD0006933,1017,CUS0000002
ORD0006934,1312,CUS0000003
ORD0006935,4165,CUS0000001
ORD0006936,1332,CUS0000002
ORD0006937,1773,CUS0000003
ORD0006938,4365,CUS0000004
ORD0006939,285,CUS0000001
ORD0006940,2501,CUS0000003
ORD0006941,3512,CUS0000006
ORD0006942,4535,CUS0000002
ORD0006943,1181,CUS0000005
ORD0006944,3982,CUS0000003
ORD0006945,2940,CUS0000001
ORD0006946,3541,CUS0000003
ORD0006947,3736,CUS0000001
ORD0006948,275,CUS0000001
ORD0006949,2488,CUS0000001
ORD0006950,1648,CUS0000002
ORD0006951,615,CUS0000001
ORD0006952,280,CUS0000006
ORD0006953,2003,CUS0000001
ORD0006954,4356,CUS0000003
ORD0006955,2851,CUS0000005
ORD0006956,3472,CUS0000001
ORD0006957,4840,CUS0000001
ORD0006958,2908,CUS0000002
ORD0006959,2773,CUS0000001
ORD0006960,4082,CUS0000001
ORD0006961,4960,CUS0000001
ORD0006962,4443,CUS0000004
ORD0006963,4593,CUS0000002
ORD0006964,3747,CUS0000001
ORD0006965,3851,CUS0000001
ORD0006966,2591,CUS0000008
ORD0006967,4746,CUS0000003
ORD0006968,1180,CUS0000003
ORD0006969,2610,CUS0000005
ORD0006970,1506,CUS0000004
ORD0006971,2229,CUS0000004
ORD0006972,1957,CUS0000001
ORD0006973,4066,CUS0000007
ORD0006974,3146,CUS0000002
ORD0006975,2460,CUS0000006
ORD0006976,487,CUS0000002
ORD0006977,1315,CUS0000001
ORD0006978,2992,CUS0000001
ORD0006979,2429,CUS0000001
ORD0006980,3834,CUS0000003
ORD0006981,1462,CUS0000006
ORD0006982,1417,CUS0000001
ORD0006983,4485,CUS0000003
ORD0006984,2436,CUS0000003
ORD0006985,1593,CUS0000007
ORD0006986,1536,CUS0000001
ORD0006987,1357,CUS0000008
ORD0006988,1420,CUS0000001
ORD0006989,2048,CUS0000009
ORD0006990,1057,CUS0000001
ORD0006991,437,CUS0000008
ORD0006992,2693,CUS0000001
ORD0006993,4806,CUS0000003
ORD0006994,1136,CUS0000001
ORD0006995,3711,CUS0000002
ORD0006996,2233,CUS0000003
ORD0006997,3128,CUS0000001
ORD0006998,1611,CUS0000005
ORD0006999,1780,CUS0000007
ORD0007000,4707,CUS0000001
ORD0007001,384,CUS0000003
ORD0007002,2696,CUS0000001
ORD0007003,2916,CUS0000001
ORD0007004,1311,CUS0000002
ORD0007005,3154,CUS0000002
ORD0007006,3773,CUS0000008
ORD0007007,4522,CUS0000008
ORD0007008,1431,CUS0000002
ORD0007009,4471,CUS0000001
ORD0007010,2570,CUS0000001
ORD0007011,1095,CUS0000001
ORD0007012,304,CUS0000003
ORD0007013,3414,CUS0000004
ORD0007014,4191,CUS0000001
ORD0007015,1290,CUS0000001
ORD0007016,3852,CUS0000002
ORD0007017,2723,CUS0000001
ORD0007018,1378,CUS0000002
ORD0007019,135,CUS0000002
ORD0007020,4574,CUS0000002
ORD0007021,4256,CUS0000007
ORD0007022,2813,CUS0000001
ORD0007023,2521,CUS0000001
ORD0007024,3982,CUS0000001
ORD0007025,2474,CUS0000001
ORD0007026,4799,CUS0000002
ORD0007027,1304,CUS0000003
ORD0007028,4730,CUS0000002
ORD0007029,3721,CUS0000001
ORD0007030,2874,CUS0000001
ORD0007031,1020,CUS0000005
ORD0007032,4023,CUS0000001
ORD0007033,428,CUS0000001
ORD0007034,1242,CUS0000001
ORD0007035,4613,CUS0000001
ORD0007036,1057,CUS0000001
ORD0007037,2623,CUS0000001
ORD0007038,303,CUS0000001
ORD0007039,3390,CUS0000003
ORD0007040,1905,CUS0000001
ORD0007041,3753,CUS0000006
ORD0007042,3027,CUS0000004
ORD0007043,857,CUS0000001
ORD0007044,2773,CUS0000005
ORD0007045,550,CUS0000002
ORD0007046,1698,CUS0000001
ORD0007047,4879,CUS0000001
ORD0007048,4412,CUS0000005
ORD0007049,1919,CUS0000001
ORD0007050,2376,CUS0000008
ORD0007051,1703,CUS0000001
ORD0007052,284,CUS0000005
ORD0007053,784,CUS0000003
ORD0007054,4510,CUS0000002
ORD0007055,3749,CUS0000001
ORD0007056,815,CUS0000008
ORD0007057,4292,CUS0000004
ORD0007058,3331,CUS0000001
ORD0007059,1692,CUS0000001
ORD0007060,4117,CUS0000001
ORD0007061,2703,CUS0000002
ORD0007062,4290,CUS0000008
ORD0007063,559,CUS0000001
ORD0007064,3057,CUS0000002
ORD0007065,3356,CUS0000001
ORD0007066,1311,CUS0000001
ORD0007067,3603,CUS0000003
ORD0007068,3128,CUS0000001
ORD0007069,3263,CUS0000001
ORD0007070,3154,CUS0000001
ORD0007071,199,CUS0000001
ORD0007072,2431,CUS0000005
ORD0007073,2925,CUS0000002
ORD0007074,2978,CUS0000005
ORD0007075,2623,CUS0000001
ORD0007076,3750,CUS0000001
ORD0007077,4695,CUS0000001
ORD0007078,817,CUS0000001
ORD0007079,1866,CUS0000004
ORD0007080,3739,CUS0000004
ORD0007081,3504,CUS0000001
ORD0007082,3724,CUS0000001
ORD0007083,2464,CUS0000001
ORD0007084,1441,CUS0000003
ORD0007085,3572,CUS0000002
ORD0007086,3493,CUS0000004
ORD0007087,1243,CUS0000001
ORD0007088,4910,CUS0000001
ORD0007089,4998,CUS0000001
ORD0007090,805,CUS0000001
ORD0007091,1276,CUS0000001
ORD0007092,1802,CUS0000001
ORD0007093,2584,CUS0000001
ORD0007094,3988,CUS0000003
ORD0007095,4403,CUS0000002
ORD0007096,2847,CUS0000002
ORD0007097,641,CUS0000001
ORD0007098,4938,CUS0000002
ORD0007099,3178,CUS0000008
ORD0007100,824,CUS0000004
ORD0007101,154,CUS0000001
ORD0007102,3454,CUS0000003
ORD0007103,2339,CUS0000002
ORD0007104,3495,CUS0000001
ORD0007105,1532,CUS0000001
ORD0007106,4653,CUS0000008
ORD0007107,3885,CUS0000006
ORD0007108,4752,CUS0000009
ORD0007109,1221,CUS0000004
ORD0007110,1732,CUS0000001
ORD0007111,1623,CUS0000001
ORD0007112,3227,CUS0000001
ORD0007113,2471,CUS0000005
ORD0007114,4637,CUS0000006
ORD0007115,4118,CUS0000001
ORD0007116,445,CUS0000004
ORD0007117,2573,CUS0000001
ORD0007118,4894,CUS0000001
ORD0007119,2589,CUS0000002
ORD0007120,4147,CUS0000001
ORD0007121,4681,CUS0000008
ORD0007122,3896,CUS0000001
ORD0007123,1939,CUS0000005
ORD0007124,319,CUS0000006
ORD0007125,120,CUS0000004
ORD0007126,1361,CUS0000004
ORD0007127,2251,CUS0000005
ORD0007128,2558,CUS0000001
ORD0007129,3971,CUS0000001
ORD0007130,1117,CUS0000001
ORD0007131,2456,CUS0000001
ORD0007132,3517,CUS0000001
ORD0007133,1569,CUS0000002
ORD0007134,4129,CUS0000002
ORD0007135,2104,CUS0000001
ORD0007136,333,CUS0000001
ORD0007137,1077,CUS0000001
ORD0007138,2370,CUS0000005
ORD0007139,4139,CUS0000002
ORD0007140,646,CUS0000001
ORD0007141,3063,CUS0000002
ORD0007142,4860,CUS0000010
ORD0007143,4036,CUS0000001
ORD0007144,4733,CUS0000001
ORD0007145,3672,CUS0000005
ORD0007146,2212,CUS0000010
ORD0007147,3999,CUS0000001
ORD0007148,1079,CUS0000001
ORD0007149,3157,CUS0000002
ORD0007150,4298,CUS0000001
ORD0007151,4812,CUS0000008
ORD0007152,243,CUS0000002
ORD0007153,2226,CUS0000001
ORD0007154,1434,CUS0000001
ORD0007155,4864,CUS0000001
ORD0007156,579,CUS0000002
ORD0007157,1297,CUS0000003
ORD0007158,2718,CUS0000001
ORD0007159,3876,CUS0000001
ORD0007160,1209,CUS0000001
ORD0007161,3027,CUS0000008
ORD0007162,1437,CUS0000002
ORD0007163,533,CUS0000004
ORD0007164,2333,CUS0000001
ORD0007165,3058,CUS0000002
ORD0007166,3536,CUS0000004
ORD0007167,3016,CUS0000003
ORD0007168,499,CUS0000001
ORD0007169,2474,CUS0000001
ORD0007170,2489,CUS0000001
ORD0007171,4438,CUS0000001
ORD0007172,729,CUS0000005
ORD0007173,4309,CUS0000001
ORD0007174,1687,CUS0000001
ORD0007175,1601,CUS0000001
ORD0007176,874,CUS0000001
ORD0007177,1469,CUS0000001
ORD0007178,4554,CUS0000001
ORD0007179,2742,CUS0000001
ORD0007180,2690,CUS0000001
ORD0007181,2566,CUS0000001
ORD0007182,2323,CUS0000003
ORD0007183,3069,CUS0000001
ORD0007184,885,CUS0000001
ORD0007185,4477,CUS0000001
ORD0007186,4851,CUS0000001
ORD0007187,2980,CUS0000002
ORD0007188,1277,CUS0000001
ORD0007189,205,CUS0000001
ORD0007190,1221,CUS0000004
ORD0007191,4344,CUS0000006
ORD0007192,2405,CUS0000001
ORD0007193,3155,CUS0000001
ORD0007194,4072,CUS0000003
ORD0007195,3475,CUS0000001
ORD0007196,2887,CUS0000002
ORD0007197,1435,CUS0000001
ORD0007198,939,CUS0000001
ORD0007199,1884,CUS0000005
ORD0007200,1366,CUS0000007
ORD0007201,4223,CUS0000001
ORD0007202,1911,CUS0000002
ORD0007203,1643,CUS0000002
ORD0007204,4676,CUS0000004
ORD0007205,4406,CUS0000002
ORD0007206,4458,CUS0000001
ORD0007207,4614,CUS0000006
ORD0007208,1033,CUS0000002
ORD0007209,3518,CUS0000003
ORD0007210,3872,CUS0000001
ORD0007211,725,CUS0000002
ORD0007212,1054,CUS0000001
ORD0007213,1175,CUS0000001
ORD0007214,242,CUS0000001
ORD0007215,4028,CUS0000001
ORD0007216,2952,CUS0000001
ORD0007217,2652,CUS0000003
ORD0007218,3070,CUS0000001
ORD0007219,1238,CUS0000004
ORD0007220,3720,CUS0000003
ORD0007221,4995,CUS0000007
ORD0007222,4385,CUS0000002
ORD0007223,2902,CUS0000009
ORD0007224,1510,CUS0000008
ORD0007225,2595,CUS0000007
ORD0007226,335,CUS0000001
ORD0007227,1071,CUS0000001
ORD0007228,1921,CUS0000002
ORD0007229,1154,CUS0000002
ORD0007230,1266,CUS0000002
ORD0007231,1956,CUS0000003
ORD0007232,2618,CUS0000005
ORD0007233,1126,CUS0000008
ORD0007234,1819,CUS0000003
ORD0007235,1166,CUS0000004
ORD0007236,743,CUS0000002
ORD0007237,3580,CUS0000002
ORD0007238,1015,CUS0000002
ORD0007239,736,CUS0000001
ORD0007240,254,CUS0000002
ORD0007241,4067,CUS0000001
ORD0007242,3632,CUS0000001
ORD0007243,448,CUS0000002
ORD0007244,1708,CUS0000003
ORD0007245,983,CUS0000001
ORD0007246,368,CUS0000002
ORD0007247,4306,CUS0000006
ORD0007248,4959,CUS0000001
ORD0007249,585,CUS0000002
ORD0007250,3942,CUS0000001
ORD0007251,1074,CUS0000001
ORD0007252,2172,CUS0000001
ORD0007253,454,CUS0000002
ORD0007254,642,CUS0000003
ORD0007255,2571,CUS0000006
ORD0007256,184,CUS0000001
ORD0007257,890,CUS0000004
ORD0007258,1114,CUS0000001
ORD0007259,1782,CUS0000007
ORD0007260,4913,CUS0000002
ORD0007261,1738,CUS0000001
ORD0007262,1613,CUS0000001
ORD0007263,2979,CUS0000004
ORD0007264,339,CUS0000004
ORD0007265,843,CUS0000002
ORD0007266,1292,CUS0000003
ORD0007267,2372,CUS0000001
ORD0007268,4849,CUS0000001
ORD0007269,2949,CUS0000004
ORD0007270,2985,CUS0000005
ORD0007271,1415,CUS0000001
ORD0007272,4201,CUS0000001
ORD0007273,2081,CUS0000001
ORD0007274,4236,CUS0000001
ORD0007275,4771,CUS0000001
ORD0007276,659,CUS0000001
ORD0007277,911,CUS0000006
ORD0007278,4836,CUS0000001
ORD0007279,214,CUS0000002
ORD0007280,4432,CUS0000001
ORD0007281,1877,CUS0000001
ORD0007282,1669,CUS0000001
ORD0007283,2408,CUS0000006
ORD0007284,1507,CUS0000001
ORD0007285,4500,CUS0000002
ORD0007286,135,CUS0000002
ORD0007287,908,CUS0000006
ORD0007288,1853,CUS0000001
ORD0007289,4230,CUS0000001
ORD0007290,3988,CUS0000004
ORD0007291,3102,CUS0000003
ORD0007292,4928,CUS0000001
ORD0007293,1616,CUS0000004
ORD0007294,3701,CUS0000001
ORD0007295,979,CUS0000004
ORD0007296,1581,CUS0000005
ORD0007297,3006,CUS0000002
ORD0007298,3209,CUS0000001
ORD0007299,3574,CUS0000006
ORD0007300,1855,CUS0000001
ORD0007301,4312,CUS0000002
ORD0007302,1964,CUS0000002
ORD0007303,3438,CUS0000007
ORD0007304,1024,CUS0000006
ORD0007305,2674,CUS0000002
ORD0007306,1112,CUS0000002
ORD0007307,3916,CUS0000002
ORD0007308,1003,CUS0000001
ORD0007309,4357,CUS0000001
ORD0007310,1213,CUS0000003
ORD0007311,4161,CUS0000003
ORD0007312,3059,CUS0000001
ORD0007313,2461,CUS0000002
ORD0007314,4664,CUS0000001
ORD0007315,432,CUS0000002
ORD0007316,773,CUS0000001
ORD0007317,2787,CUS0000001
ORD0007318,4144,CUS0000005
ORD0007319,1047,CUS0000003
ORD0007320,3252,CUS0000010
ORD0007321,2423,CUS0000003
ORD0007322,3843,CUS0000001
ORD0007323,2655,CUS0000001
ORD0007324,3736,CUS0000001
ORD0007325,1950,CUS0000007
ORD0007326,4637,CUS0000002
ORD0007327,3436,CUS0000004
ORD0007328,2480,CUS0000005
ORD0007329,3605,CUS0000002
ORD0007330,1646,CUS0000001
ORD0007331,670,CUS0000001
ORD0007332,3996,CUS0000004
ORD0007333,3110,CUS0000001
ORD0007334,1568,CUS0000001
ORD0007335,204,CUS0000003
ORD0007336,4127,CUS0000006
ORD0007337,961,CUS0000005
ORD0007338,3347,CUS0000001
ORD0007339,3688,CUS0000001
ORD0007340,4381,CUS0000002
ORD0007341,796,CUS0000004
ORD0007342,1076,CUS0000003
ORD0007343,1274,CUS0000002
ORD0007344,3334,CUS0000001
ORD0007345,3381,CUS0000001
ORD0007346,4937,CUS0000001
ORD0007347,933,CUS0000001
ORD0007348,1482,CUS0000002
ORD0007349,630,CUS0000003
ORD0007350,3079,CUS0000001
ORD0007351,1730,CUS0000002
ORD0007352,2874,CUS0000001
ORD0007353,1740,CUS0000001
ORD0007354,4973,CUS0000001
ORD0007355,3411,CUS0000001
ORD0007356,1105,CUS0000001
ORD0007357,2007,CUS0000002
ORD0007358,3579,CUS0000001
ORD0007359,4188,CUS0000009
ORD0007360,2381,CUS0000001
ORD0007361,4867,CUS0000001
ORD0007362,4963,CUS0000001
ORD0007363,2336,CUS0000001
ORD0007364,3378,CUS0000001
ORD0007365,3017,CUS0000001
ORD0007366,3997,CUS0000003
ORD0007367,3413,CUS0000003
ORD0007368,4069,CUS0000001
ORD0007369,4289,CUS0000001
ORD0007370,2384,CUS0000002
ORD0007371,1307,CUS0000001
ORD0007372,3824,CUS0000002
ORD0007373,985,CUS0000003
ORD0007374,1100,CUS0000001
ORD0007375,2153,CUS0000001
ORD0007376,4108,CUS0000001
ORD0007377,4173,CUS0000001
ORD0007378,1990,CUS0000001
ORD0007379,1202,CUS0000001
ORD0007380,343,CUS0000003
ORD0007381,915,CUS0000001
ORD0007382,532,CUS0000003
ORD0007383,658,CUS0000002
ORD0007384,4180,CUS0000007
ORD0007385,319,CUS0000003
ORD0007386,1567,CUS0000007
ORD0007387,3234,CUS0000001
ORD0007388,2778,CUS0000002
ORD0007389,1351,CUS0000003
ORD0007390,2580,CUS0000001
ORD0007391,889,CUS0000002
ORD0007392,726,CUS0000001
ORD0007393,4359,CUS0000001
ORD0007394,4132,CUS0000002
ORD0007395,3917,CUS0000002
ORD0007396,1754,CUS0000001
ORD0007397,2504,CUS0000005
ORD0007398,4178,CUS0000004
ORD0007399,4116,CUS0000004
ORD0007400,4235,CUS0000001
ORD0007401,2243,CUS0000003
ORD0007402,4543,CUS0000001
ORD0007403,2914,CUS0000001
ORD0007404,4528,CUS0000001
ORD0007405,4577,CUS0000004
ORD0007406,244,CUS0000003
ORD0007407,358,CUS0000002
ORD0007408,3625,CUS0000001
ORD0007409,1075,CUS0000001
ORD0007410,3242,CUS0000001
ORD0007411,3787,CUS0000002
ORD0007412,2676,CUS0000009
ORD0007413,3182,CUS0000001
ORD0007414,3725,CUS0000001
ORD0007415,3865,CUS0000001
ORD0007416,394,CUS0000005
ORD0007417,369,CUS0000002
ORD0007418,1548,CUS0000003
ORD0007419,4660,CUS0000001
ORD0007420,2582,CUS0000009
ORD0007421,1444,CUS0000003
ORD0007422,4126,CUS0000005
ORD0007423,3628,CUS0000001
ORD0007424,1201,CUS0000003
ORD0007425,2659,CUS0000002
ORD0007426,3287,CUS0000004
ORD0007427,4093,CUS0000001
ORD0007428,996,CUS0000002
ORD0007429,4760,CUS0000002
ORD0007430,4118,CUS0000001
ORD0007431,4636,CUS0000003
ORD0007432,4518,CUS0000001
ORD0007433,4787,CUS0000001
ORD0007434,3948,CUS0000001
ORD0007435,3998,CUS0000009
ORD0007436,4705,CUS0000001
ORD0007437,1380,CUS0000001
ORD0007438,4250,CUS0000001
ORD0007439,556,CUS0000001
ORD0007440,3306,CUS0000001
ORD0007441,2257,CUS0000001
ORD0007442,4152,CUS0000001
ORD0007443,4941,CUS0000007
ORD0007444,3194,CUS0000001
ORD0007445,2989,CUS0000001
ORD0007446,2430,CUS0000007
ORD0007447,2725,CUS0000006
ORD0007448,603,CUS0000004
ORD0007449,330,CUS0000001
ORD0007450,4937,CUS0000010
ORD0007451,469,CUS0000007
ORD0007452,1150,CUS0000001
ORD0007453,3101,CUS0000001
ORD0007454,2957,CUS0000001
ORD0007455,4883,CUS0000001
ORD0007456,320,CUS0000001
ORD0007457,2895,CUS0000001
ORD0007458,3217,CUS0000002
ORD0007459,897,CUS0000001
ORD0007460,3607,CUS0000003
ORD0007461,2927,CUS0000008
ORD0007462,3027,CUS0000001
ORD0007463,3474,CUS0000005
ORD0007464,2977,CUS0000001
ORD0007465,562,CUS0000001
ORD0007466,2100,CUS0000001
ORD0007467,2128,CUS0000001
ORD0007468,2022,CUS0000002
ORD0007469,2656,CUS0000006
ORD0007470,4954,CUS0000001
ORD0007471,795,CUS0000001
ORD0007472,636,CUS0000005
ORD0007473,2597,CUS0000004
ORD0007474,1037,CUS0000003
ORD0007475,2865,CUS0000002
ORD0007476,1490,CUS0000001
ORD0007477,261,CUS0000003
ORD0007478,4510,CUS0000001
ORD0007479,2771,CUS0000001
ORD0007480,406,CUS0000001
ORD0007481,3875,CUS0000002
ORD0007482,3560,CUS0000006
ORD0007483,4753,CUS0000001
ORD0007484,4316,CUS0000001
ORD0007485,3550,CUS0000006
ORD0007486,2284,CUS0000002
ORD0007487,267,CUS0000001
ORD0007488,3947,CUS0000006
ORD0007489,4916,CUS0000001
ORD0007490,282,CUS0000001
ORD0007491,2692,CUS0000001
ORD0007492,3194,CUS0000002
ORD0007493,4772,CUS0000010
ORD0007494,3297,CUS0000001
ORD0007495,2741,CUS0000001
ORD0007496,4790,CUS0000001
ORD0007497,900,CUS0000001
ORD0007498,4100,CUS0000001
ORD0007499,919,CUS0000001
ORD0007500,1786,CUS0000004
ORD0007501,2852,CUS0000001
ORD0007502,4169,CUS0000001
ORD0007503,4218,CUS0000001
ORD0007504,2881,CUS0000002
ORD0007505,1465,CUS0000003
ORD0007506,2553,CUS0000004
ORD0007507,3076,CUS0000002
ORD0007508,3671,CUS0000001
ORD0007509,1752,CUS0000001
ORD0007510,4171,CUS0000006
ORD0007511,717,CUS0000004
ORD0007512,4489,CUS0000002
ORD0007513,1853,CUS0000001
ORD0007514,2454,CUS0000001
ORD0007515,2272,CUS0000003
ORD0007516,489,CUS0000001
ORD0007517,2535,CUS0000001
ORD0007518,4798,CUS0000002
ORD0007519,3393,CUS0000002
ORD0007520,1950,CUS0000002
ORD0007521,853,CUS0000004
ORD0007522,4836,CUS0000002
ORD0007523,876,CUS0000001
ORD0007524,4948,CUS0000001
ORD0007525,2859,CUS0000001
ORD0007526,2339,CUS0000003
ORD0007527,651,CUS0000009
ORD0007528,4740,CUS0000003
ORD0007529,4450,CUS0000001
ORD0007530,3993,CUS0000001
ORD0007531,3598,CUS0000001
ORD0007532,1818,CUS0000001
ORD0007533,2945,CUS0000001
ORD0007534,728,CUS0000001
ORD0007535,2572,CUS0000001
ORD0007536,4234,CUS0000001
ORD0007537,2556,CUS0000001
ORD0007538,3646,CUS0000005
ORD0007539,4523,CUS0000001
ORD0007540,2666,CUS0000002
ORD0007541,1739,CUS0000001
ORD0007542,3494,CUS0000001
ORD0007543,3395,CUS0000004
ORD0007544,2158,CUS0000001
ORD0007545,4321,CUS0000003
ORD0007546,3812,CUS0000001
ORD0007547,4585,CUS0000002
ORD0007548,1579,CUS0000001
ORD0007549,252,CUS0000002
ORD0007550,4328,CUS0000002
ORD0007551,1628,CUS0000001
ORD0007552,4825,CUS0000001
ORD0007553,4189,CUS0000001
ORD0007554,1844,CUS0000001
ORD0007555,3928,CUS0000001
ORD0007556,2294,CUS0000001
ORD0007557,4464,CUS0000001
ORD0007558,3653,CUS0000001
ORD0007559,4737,CUS0000002
ORD0007560,590,CUS0000005
ORD0007561,4378,CUS0000001
ORD0007562,1743,CUS0000001
ORD0007563,3084,CUS0000004
ORD0007564,3888,CUS0000007
ORD0007565,1310,CUS0000001
ORD0007566,2069,CUS0000001
ORD0007567,1332,CUS0000001
ORD0007568,2559,CUS0000001
ORD0007569,3666,CUS0000004
ORD0007570,3460,CUS0000001
ORD0007571,2710,CUS0000002
ORD0007572,627,CUS0000002
ORD0007573,1767,CUS0000004
ORD0007574,3478,CUS0000003
ORD0007575,2286,CUS0000001
ORD0007576,2451,CUS0000001
ORD0007577,1415,CUS0000009
ORD0007578,2200,CUS0000001
ORD0007579,2034,CUS0000001
ORD0007580,3424,CUS0000001
ORD0007581,2053,CUS0000001
ORD0007582,1030,CUS0000002
ORD0007583,1328,CUS0000003
ORD0007584,1672,CUS0000004
ORD0007585,326,CUS0000001
ORD0007586,2111,CUS0000002
ORD0007587,2643,CUS0000002
ORD0007588,3902,CUS0000001
ORD0007589,4076,CUS0000001
ORD0007590,4686,CUS0000001
ORD0007591,3672,CUS0000002
ORD0007592,3557,CUS0000002
ORD0007593,403,CUS0000002
ORD0007594,1754,CUS0000007
ORD0007595,1405,CUS0000001
ORD0007596,2334,CUS0000003
ORD0007597,1217,CUS0000003
ORD0007598,338,CUS0000005
ORD0007599,2216,CUS0000002
ORD0007600,2375,CUS0000001
ORD0007601,4611,CUS0000001
ORD0007602,1541,CUS0000001
ORD0007603,445,CUS0000010
ORD0007604,4080,CUS0000001
ORD0007605,263,CUS0000004
ORD0007606,553,CUS0000001
ORD0007607,787,CUS0000002
ORD0007608,2671,CUS0000002
ORD0007609,2541,CUS0000004
ORD0007610,620,CUS0000001
ORD0007611,3434,CUS0000004
ORD0007612,3077,CUS0000004
ORD0007613,839,CUS0000007
ORD0007614,3351,CUS0000001
ORD0007615,1251,CUS0000002
ORD0007616,2033,CUS0000010
ORD0007617,1016,CUS0000002
ORD0007618,4777,CUS0000002
ORD0007619,4198,CUS0000001
ORD0007620,1088,CUS0000002
ORD0007621,4375,CUS0000003
ORD0007622,4854,CUS0000004
ORD0007623,4402,CUS0000001
ORD0007624,2162,CUS0000002
ORD0007625,4166,CUS0000001
ORD0007626,839,CUS0000001
ORD0007627,2050,CUS0000001
ORD0007628,1101,CUS0000001
ORD0007629,2667,CUS0000001
ORD0007630,2797,CUS0000001
ORD0007631,4886,CUS0000001
ORD0007632,3294,CUS0000001
ORD0007633,2032,CUS0000001
ORD0007634,3564,CUS0000001
ORD0007635,1885,CUS0000001
ORD0007636,1281,CUS0000001
ORD0007637,975,CUS0000001
ORD0007638,1534,CUS0000003
ORD0007639,1853,CUS0000009
ORD0007640,2349,CUS0000002
ORD0007641,3700,CUS0000002
ORD0007642,3445,CUS0000002
ORD0007643,2183,CUS0000006
ORD0007644,4929,CUS0000010
ORD0007645,558,CUS0000001
ORD0007646,4117,CUS0000001
ORD0007647,4470,CUS0000003
ORD0007648,3169,CUS0000006
ORD0007649,1025,CUS0000001
ORD0007650,2692,CUS0000001
ORD0007651,4570,CUS0000010
ORD0007652,3571,CUS0000002
ORD0007653,3990,CUS0000001
ORD0007654,2118,CUS0000001
ORD0007655,2375,CUS0000002
ORD0007656,1287,CUS0000004
ORD0007657,3073,CUS0000002
ORD0007658,3993,CUS0000001
ORD0007659,3112,CUS0000001
ORD0007660,2624,CUS0000001
ORD0007661,272,CUS0000001
ORD0007662,385,CUS0000002
ORD0007663,547,CUS0000001
ORD0007664,2063,CUS0000004
ORD0007665,2172,CUS0000002
ORD0007666,4627,CUS0000001
ORD0007667,3251,CUS0000007
ORD0007668,2633,CUS0000007
ORD0007669,3072,CUS0000008
ORD0007670,1099,CUS0000004
ORD0007671,4481,CUS0000001
ORD0007672,2036,CUS0000003
ORD0007673,3724,CUS0000003
ORD0007674,3282,CUS0000002
ORD0007675,164,CUS0000002
ORD0007676,3319,CUS0000006
ORD0007677,2193,CUS0000004
ORD0007678,2564,CUS0000001
ORD0007679,839,CUS0000001
ORD0007680,2028,CUS0000001
ORD0007681,2536,CUS0000009
ORD0007682,1823,CUS0000008
ORD0007683,1412,CUS0000003
ORD0007684,3695,CUS0000002
ORD0007685,2698,CUS0000002
ORD0007686,3428,CUS0000008
ORD0007687,377,CUS0000007
ORD0007688,2344,CUS0000002
ORD0007689,756,CUS0000004
ORD0007690,4127,CUS0000005
ORD0007691,3959,CUS0000009
ORD0007692,3482,CUS0000007
ORD0007693,2825,CUS0000006
ORD0007694,3560,CUS0000001
ORD0007695,922,CUS0000001
ORD0007696,1413,CUS0000003
ORD0007697,2237,CUS0000001
ORD0007698,4247,CUS0000005
ORD0007699,643,CUS0000001
ORD0007700,2982,CUS0000002
ORD0007701,3547,CUS0000007
ORD0007702,4586,CUS0000002
ORD0007703,2776,CUS0000001
ORD0007704,3813,CUS0000002
ORD0007705,324,CUS0000001
ORD0007706,526,CUS0000001
ORD0007707,1605,CUS0000001
ORD0007708,3732,CUS0000004
ORD0007709,1214,CUS0000001
ORD0007710,125,CUS0000001
ORD0007711,3382,CUS0000001
ORD0007712,1739,CUS0000001
ORD0007713,2603,CUS0000001
ORD0007714,2670,CUS0000005
ORD0007715,4817,CUS0000005
ORD0007716,773,CUS0000001
ORD0007717,1007,CUS0000001
ORD0007718,1392,CUS0000002
ORD0007719,2144,CUS0000001
ORD0007720,4330,CUS0000002
ORD0007721,1165,CUS0000001
ORD0007722,4966,CUS0000001
ORD0007723,3461,CUS0000006
ORD0007724,2716,CUS0000002
ORD0007725,3798,CUS0000002
ORD0007726,4018,CUS0000004
ORD0007727,1193,CUS0000002
ORD0007728,2235,CUS0000001
ORD0007729,1521,CUS0000006
ORD0007730,4958,CUS0000001
ORD0007731,2783,CUS0000003
ORD0007732,2408,CUS0000001
ORD0007733,1727,CUS0000007
ORD0007734,791,CUS0000002
ORD0007735,3495,CUS0000005
ORD0007736,3111,CUS0000002
ORD0007737,1590,CUS0000001
ORD0007738,3323,CUS0000001
ORD0007739,3191,CUS0000001
ORD0007740,4772,CUS0000003
ORD0007741,1938,CUS0000001
ORD0007742,269,CUS0000004
ORD0007743,288,CUS0000004
ORD0007744,4675,CUS0000001
ORD0007745,1973,CUS0000001
ORD0007746,828,CUS0000001
ORD0007747,3888,CUS0000006
ORD0007748,1724,CUS0000002
ORD0007749,2244,CUS0000001
ORD0007750,1482,CUS0000001
ORD0007751,507,CUS0000006
ORD0007752,3385,CUS0000003
ORD0007753,3613,CUS0000002
ORD0007754,2231,CUS0000001
ORD0007755,1322,CUS0000001
ORD0007756,829,CUS0000001
ORD0007757,3114,CUS0000007
ORD0007758,1493,CUS0000002
ORD0007759,4746,CUS0000005
ORD0007760,1061,CUS0000002
ORD0007761,215,CUS0000002
ORD0007762,4407,CUS0000001
ORD0007763,3664,CUS0000002
ORD0007764,3816,CUS0000006
ORD0007765,4148,CUS0000007
ORD0007766,1070,CUS0000003
ORD0007767,1938,CUS0000001
ORD0007768,1764,CUS0000002
ORD0007769,1660,CUS0000001
ORD0007770,2280,CUS0000001
ORD0007771,2458,CUS0000001
ORD0007772,4148,CUS0000002
ORD0007773,3229,CUS0000001
ORD0007774,1166,CUS0000001
ORD0007775,3633,CUS0000001
ORD0007776,1792,CUS0000001
ORD0007777,1865,CUS0000001
ORD0007778,2418,CUS0000002
ORD0007779,1651,CUS0000001
ORD0007780,3526,CUS0000001
ORD0007781,1577,CUS0000009
ORD0007782,3446,CUS0000001
ORD0007783,1295,CUS0000003
ORD0007784,335,CUS0000004
ORD0007785,2477,CUS0000001
ORD0007786,2244,CUS0000002
ORD0007787,2029,CUS0000001
ORD0007788,3794,CUS0000002
ORD0007789,2134,CUS0000002
ORD0007790,3128,CUS0000004
ORD0007791,4875,CUS0000001
ORD0007792,3853,CUS0000002
ORD0007793,802,CUS0000002
ORD0007794,184,CUS0000002
ORD0007795,3941,CUS0000002
ORD0007796,1191,CUS0000005
ORD0007797,2748,CUS0000001
ORD0007798,3356,CUS0000001
ORD0007799,1838,CUS0000001
ORD0007800,3241,CUS0000010
ORD0007801,3567,CUS0000003
ORD0007802,4992,CUS0000001
ORD0007803,2199,CUS0000002
ORD0007804,698,CUS0000001
ORD0007805,880,CUS0000002
ORD0007806,4662,CUS0000001
ORD0007807,581,CUS0000001
ORD0007808,526,CUS0000001
ORD0007809,2826,CUS0000004
ORD0007810,2023,CUS0000002
ORD0007811,3957,CUS0000003
ORD0007812,3002,CUS0000003
ORD0007813,5000,CUS0000001
ORD0007814,472,CUS0000003
ORD0007815,143,CUS0000002
ORD0007816,2177,CUS0000004
ORD0007817,4233,CUS0000010
ORD0007818,3220,CUS0000005
ORD0007819,2578,CUS0000003
ORD0007820,3333,CUS0000001
ORD0007821,3138,CUS0000001
ORD0007822,1183,CUS0000003
ORD0007823,4683,CUS0000006
ORD0007824,436,CUS0000001
ORD0007825,4855,CUS0000009
ORD0007826,1569,CUS0000001
ORD0007827,2232,CUS0000001
ORD0007828,1491,CUS0000002
ORD0007829,4226,CUS0000001
ORD0007830,4137,CUS0000001
ORD0007831,2878,CUS0000004
ORD0007832,3934,CUS0000001
ORD0007833,1180,CUS0000001
ORD0007834,834,CUS0000006
ORD0007835,2699,CUS0000001
ORD0007836,4445,CUS0000001
ORD0007837,3646,CUS0000001
ORD0007838,1261,CUS0000001
ORD0007839,2233,CUS0000001
ORD0007840,1057,CUS0000001
ORD0007841,2666,CUS0000001
ORD0007842,461,CUS0000001
ORD0007843,1147,CUS0000001
ORD0007844,4189,CUS0000001
ORD0007845,2401,CUS0000002
ORD0007846,3053,CUS0000001
ORD0007847,3623,CUS0000001
ORD0007848,2417,CUS0000003
ORD0007849,2256,CUS0000001
ORD0007850,2260,CUS0000006
ORD0007851,4335,CUS0000003
ORD0007852,2664,CUS0000003
ORD0007853,3669,CUS0000001
ORD0007854,1451,CUS0000001
ORD0007855,2684,CUS0000002
ORD0007856,4124,CUS0000003
ORD0007857,1339,CUS0000002
ORD0007858,4652,CUS0000002
ORD0007859,3704,CUS0000008
ORD0007860,535,CUS0000003
ORD0007861,1647,CUS0000005
ORD0007862,1317,CUS0000001
ORD0007863,547,CUS0000002
ORD0007864,1983,CUS0000001
ORD0007865,1600,CUS0000001
ORD0007866,393,CUS0000001
ORD0007867,3952,CUS0000002
ORD0007868,2231,CUS0000010
ORD0007869,1439,CUS0000004
ORD0007870,3926,CUS0000005
ORD0007871,3675,CUS0000002
ORD0007872,1050,CUS0000007
ORD0007873,4154,CUS0000002
ORD0007874,434,CUS0000008
ORD0007875,3716,CUS0000002
ORD0007876,3020,CUS0000002
ORD0007877,4694,CUS0000002
ORD0007878,4074,CUS0000004
ORD0007879,3849,CUS0000001
ORD0007880,4138,CUS0000009
ORD0007881,1021,CUS0000001
ORD0007882,1312,CUS0000002
ORD0007883,1112,CUS0000001
ORD0007884,2963,CUS0000007
ORD0007885,866,CUS0000001
ORD0007886,1768,CUS0000001
ORD0007887,2427,CUS0000006
ORD0007888,1579,CUS0000001
ORD0007889,1478,CUS0000001
ORD0007890,4267,CUS0000001
ORD0007891,2334,CUS0000001
ORD0007892,4714,CUS0000002
ORD0007893,4897,CUS0000001
ORD0007894,1839,CUS0000002
ORD0007895,4880,CUS0000003
ORD0007896,133,CUS0000003
ORD0007897,4409,CUS0000001
ORD0007898,4775,CUS0000003
ORD0007899,1579,CUS0000001
ORD0007900,3511,CUS0000001
ORD0007901,729,CUS0000003
ORD0007902,2116,CUS0000001
ORD0007903,4180,CUS0000003
ORD0007904,872,CUS0000001
ORD0007905,2792,CUS0000001
ORD0007906,312,CUS0000001
ORD0007907,2428,CUS0000003
ORD0007908,1099,CUS0000001
ORD0007909,3329,CUS0000004
ORD0007910,3160,CUS0000002
ORD0007911,4936,CUS0000003
ORD0007912,968,CUS0000004
ORD0007913,2750,CUS0000001
ORD0007914,1359,CUS0000001
ORD0007915,336,CUS0000001
ORD0007916,764,CUS0000003
ORD0007917,3870,CUS0000001
ORD0007918,4030,CUS0000002
ORD0007919,3819,CUS0000001
ORD0007920,2306,CUS0000001
ORD0007921,4967,CUS0000001
ORD0007922,147,CUS0000001
ORD0007923,2798,CUS0000001
ORD0007924,459,CUS0000002
ORD0007925,3811,CUS0000002
ORD0007926,2761,CUS0000001
ORD0007927,4762,CUS0000001
ORD0007928,1159,CUS0000002
ORD0007929,1831,CUS0000002
ORD0007930,498,CUS0000001
ORD0007931,2417,CUS0000001
ORD0007932,2747,CUS0000001
ORD0007933,554,CUS0000001
ORD0007934,679,CUS0000005
ORD0007935,4582,CUS0000004
ORD0007936,3224,CUS0000003
ORD0007937,858,CUS0000002
ORD0007938,3367,CUS0000001
ORD0007939,2190,CUS0000001
ORD0007940,1558,CUS0000001
ORD0007941,2066,CUS0000004
ORD0007942,3367,CUS0000001
ORD0007943,830,CUS0000001
ORD0007944,268,CUS0000004
ORD0007945,1805,CUS0000001
ORD0007946,1434,CUS0000001
ORD0007947,3282,CUS0000001
ORD0007948,3396,CUS0000003
ORD0007949,2434,CUS0000001
ORD0007950,1362,CUS0000006
ORD0007951,1087,CUS0000002
ORD0007952,2545,CUS0000004
ORD0007953,4121,CUS0000001
ORD0007954,3641,CUS0000001
ORD0007955,2640,CUS0000001
ORD0007956,1175,CUS0000004
ORD0007957,3041,CUS0000004
ORD0007958,887,CUS0000001
ORD0007959,3110,CUS0000001
ORD0007960,4299,CUS0000005
ORD0007961,1737,CUS0000001
ORD0007962,4110,CUS0000004
ORD0007963,3749,CUS0000005
ORD0007964,3279,CUS0000004
ORD0007965,4002,CUS0000005
ORD0007966,2299,CUS0000001
ORD0007967,4712,CUS0000001
ORD0007968,3565,CUS0000003
ORD0007969,839,CUS0000001
ORD0007970,3561,CUS0000001
ORD0007971,3116,CUS0000001
ORD0007972,1626,CUS0000002
ORD0007973,3656,CUS0000001
ORD0007974,3589,CUS0000001
ORD0007975,861,CUS0000003
ORD0007976,431,CUS0000002
ORD0007977,4305,CUS0000001
ORD0007978,2899,CUS0000001
ORD0007979,3897,CUS0000001
ORD0007980,1936,CUS0000001
ORD0007981,1370,CUS0000008
ORD0007982,4157,CUS0000004
ORD0007983,4419,CUS0000001
ORD0007984,4398,CUS0000005
ORD0007985,787,CUS0000003
ORD0007986,2481,CUS0000001
ORD0007987,3935,CUS0000001
ORD0007988,3682,CUS0000003
ORD0007989,748,CUS0000002
ORD0007990,4012,CUS0000001
ORD0007991,2560,CUS0000001
ORD0007992,1317,CUS0000001
ORD0007993,1146,CUS0000003
ORD0007994,2560,CUS0000001
ORD0007995,2136,CUS0000001
ORD0007996,4385,CUS0000009
ORD0007997,3603,CUS0000002
ORD0007998,2520,CUS0000008
ORD0007999,4757,CUS0000002
ORD0008000,490,CUS0000002
ORD0008001,4613,CUS0000001
ORD0008002,726,CUS0000001
ORD0008003,469,CUS0000003
ORD0008004,4305,CUS0000009
ORD0008005,981,CUS0000001
ORD0008006,4283,CUS0000001
ORD0008007,3580,CUS0000002
ORD0008008,3483,CUS0000001
ORD0008009,874,CUS0000003
ORD0008010,3906,CUS0000010
ORD0008011,4756,CUS0000001
ORD0008012,2175,CUS0000005
ORD0008013,3011,CUS0000001
ORD0008014,2187,CUS0000002
ORD0008015,4896,CUS0000007
ORD0008016,769,CUS0000001
ORD0008017,4224,CUS0000004
ORD0008018,233,CUS0000001
ORD0008019,1033,CUS0000004
ORD0008020,3891,CUS0000001
ORD0008021,1570,CUS0000010
ORD0008022,1592,CUS0000001
ORD0008023,3319,CUS0000001
ORD0008024,470,CUS0000001
ORD0008025,782,CUS0000004
ORD0008026,3509,CUS0000001
ORD0008027,2538,CUS0000003
ORD0008028,2671,CUS0000007
ORD0008029,4910,CUS0000001
ORD0008030,3827,CUS0000002
ORD0008031,3785,CUS0000001
ORD0008032,2271,CUS0000003
ORD0008033,2896,CUS0000001
ORD0008034,1633,CUS0000001
ORD0008035,1829,CUS0000001
ORD0008036,1616,CUS0000002
ORD0008037,740,CUS0000001
ORD0008038,2224,CUS0000003
ORD0008039,971,CUS0000001
ORD0008040,3653,CUS0000002
ORD0008041,4477,CUS0000009
ORD0008042,246,CUS0000002
ORD0008043,147,CUS0000001
ORD0008044,3335,CUS0000001
ORD0008045,1055,CUS0000002
ORD0008046,208,CUS0000001
ORD0008047,1506,CUS0000001
ORD0008048,4008,CUS0000002
ORD0008049,3869,CUS0000003
ORD0008050,3418,CUS0000002
ORD0008051,4087,CUS0000005
ORD0008052,2580,CUS0000001
ORD0008053,3055,CUS0000003
ORD0008054,3335,CUS0000008
ORD0008055,2579,CUS0000001
ORD0008056,817,CUS0000002
ORD0008057,1124,CUS0000001
ORD0008058,1206,CUS0000001
ORD0008059,213,CUS0000001
ORD0008060,1663,CUS0000002
ORD0008061,1016,CUS0000001
ORD0008062,230,CUS0000001
ORD0008063,1641,CUS0000001
ORD0008064,319,CUS0000005
ORD0008065,1814,CUS0000001
ORD0008066,4041,CUS0000008
ORD0008067,1289,CUS0000001
ORD0008068,2080,CUS0000003
ORD0008069,3669,CUS0000001
ORD0008070,4512,CUS0000003
ORD0008071,1663,CUS0000002
ORD0008072,805,CUS0000003
ORD0008073,2565,CUS0000009
ORD0008074,3896,CUS0000003
ORD0008075,1313,CUS0000002
ORD0008076,3982,CUS0000004
ORD0008077,3556,CUS0000001
ORD0008078,278,CUS0000001
ORD0008079,1054,CUS0000003
ORD0008080,1460,CUS0000003
ORD0008081,1348,CUS0000001
ORD0008082,3747,CUS0000001
ORD0008083,4073,CUS0000002
ORD0008084,3962,CUS0000003
ORD0008085,260,CUS0000001
ORD0008086,3782,CUS0000001
ORD0008087,4894,CUS0000005
ORD0008088,2087,CUS0000002
ORD0008089,1749,CUS0000001
ORD0008090,2515,CUS0000001
ORD0008091,4764,CUS0000001
ORD0008092,3309,CUS0000001
ORD0008093,517,CUS0000003
ORD0008094,2834,CUS0000002
ORD0008095,164,CUS0000001
ORD0008096,941,CUS0000005
ORD0008097,3637,CUS0000002
ORD0008098,3505,CUS0000001
ORD0008099,4160,CUS0000001
ORD0008100,4840,CUS0000001
ORD0008101,4981,CUS0000001
ORD0008102,4640,CUS0000002
ORD0008103,2482,CUS0000001
ORD0008104,403,CUS0000002
ORD0008105,4093,CUS0000004
ORD0008106,3374,CUS0000001
ORD0008107,4082,CUS0000003
ORD0008108,4305,CUS0000002
ORD0008109,4941,CUS0000001
ORD0008110,4096,CUS0000002
ORD0008111,1999,CUS0000001
ORD0008112,597,CUS0000005
ORD0008113,4427,CUS0000005
ORD0008114,255,CUS0000001
ORD0008115,3557,CUS0000005
ORD0008116,4821,CUS0000005
ORD0008117,2687,CUS0000004
ORD0008118,4632,CUS0000003
ORD0008119,620,CUS0000002
ORD0008120,2294,CUS0000003
ORD0008121,3517,CUS0000001
ORD0008122,3977,CUS0000001
ORD0008123,1057,CUS0000001
ORD0008124,4153,CUS0000006
ORD0008125,2940,CUS0000005
ORD0008126,3772,CUS0000001
ORD0008127,3673,CUS0000001
ORD0008128,270,CUS0000001
ORD0008129,1421,CUS0000007
ORD0008130,2459,CUS0000008
ORD0008131,1674,CUS0000001
ORD0008132,3944,CUS0000001
ORD0008133,2916,CUS0000004
ORD0008134,3689,CUS0000001
ORD0008135,2001,CUS0000002
ORD0008136,4258,CUS0000001
ORD0008137,1899,CUS0000001
ORD0008138,4914,CUS0000002
ORD0008139,2878,CUS0000001
ORD0008140,3937,CUS0000003
ORD0008141,1174,CUS0000002
ORD0008142,2503,CUS0000001
ORD0008143,3297,CUS0000003
ORD0008144,3514,CUS0000003
ORD0008145,3051,CUS0000004
ORD0008146,3969,CUS0000002
ORD0008147,1427,CUS0000001
ORD0008148,1797,CUS0000002
ORD0008149,2413,CUS0000001
ORD0008150,806,CUS0000001
ORD0008151,4055,CUS0000002
ORD0008152,1157,CUS0000002
ORD0008153,1519,CUS0000005
ORD0008154,1734,CUS0000003
ORD0008155,1380,CUS0000004
ORD0008156,4131,CUS0000002
ORD0008157,926,CUS0000001
ORD0008158,3507,CUS0000002
ORD0008159,4144,CUS0000002
ORD0008160,2587,CUS0000001
ORD0008161,2022,CUS0000006
ORD0008162,1815,CUS0000003
ORD0008163,4661,CUS0000001
ORD0008164,485,CUS0000010
ORD0008165,248,CUS0000001
ORD0008166,3039,CUS0000002
ORD0008167,2236,CUS0000001
ORD0008168,3024,CUS0000001
ORD0008169,1399,CUS0000001
ORD0008170,1531,CUS0000001
ORD0008171,4224,CUS0000001
ORD0008172,361,CUS0000001
ORD0008173,621,CUS0000001
ORD0008174,2866,CUS0000001
ORD0008175,3627,CUS0000003
ORD0008176,1033,CUS0000002
ORD0008177,1957,CUS0000003
ORD0008178,1088,CUS0000001
ORD0008179,4703,CUS0000001
ORD0008180,1935,CUS0000001
ORD0008181,4084,CUS0000006
ORD0008182,2212,CUS0000004
ORD0008183,2887,CUS0000002
ORD0008184,3010,CUS0000002
ORD0008185,482,CUS0000001
ORD0008186,4663,CUS0000001
ORD0008187,2291,CUS0000002
ORD0008188,1338,CUS0000001
ORD0008189,4322,CUS0000009
ORD0008190,953,CUS0000010
ORD0008191,513,CUS0000002
ORD0008192,3686,CUS0000001
ORD0008193,3844,CUS0000001
ORD0008194,1008,CUS0000004
ORD0008195,967,CUS0000008
ORD0008196,934,CUS0000002
ORD0008197,4707,CUS0000009
ORD0008198,443,CUS0000002
ORD0008199,4255,CUS0000002
ORD0008200,963,CUS0000001
ORD0008201,1468,CUS0000002
ORD0008202,1067,CUS0000007
ORD0008203,1782,CUS0000001
ORD0008204,3062,CUS0000001
ORD0008205,1386,CUS0000004
ORD0008206,2493,CUS0000001
ORD0008207,3716,CUS0000001
ORD0008208,4244,CUS0000006
ORD0008209,4182,CUS0000001
ORD0008210,913,CUS0000003
ORD0008211,1363,CUS0000001
ORD0008212,3079,CUS0000001
ORD0008213,2841,CUS0000001
ORD0008214,1228,CUS0000006
ORD0008215,1107,CUS0000002
ORD0008216,1753,CUS0000002
ORD0008217,3697,CUS0000002
ORD0008218,3505,CUS0000002
ORD0008219,153,CUS0000004
ORD0008220,2109,CUS0000001
ORD0008221,3980,CUS0000001
ORD0008222,2896,CUS0000001
ORD0008223,2449,CUS0000001
ORD0008224,4237,CUS0000001
ORD0008225,1502,CUS0000001
ORD0008226,798,CUS0000004
ORD0008227,2279,CUS0000001
ORD0008228,3150,CUS0000007
ORD0008229,3499,CUS0000001
ORD0008230,3054,CUS0000002
ORD0008231,2110,CUS0000007
ORD0008232,1341,CUS0000002
ORD0008233,4438,CUS0000002
ORD0008234,3554,CUS0000001
ORD0008235,1969,CUS0000002
ORD0008236,1230,CUS0000001
ORD0008237,3612,CUS0000001
ORD0008238,3486,CUS0000001
ORD0008239,3453,CUS0000003
ORD0008240,3858,CUS0000005
ORD0008241,4328,CUS0000002
ORD0008242,3063,CUS0000001
ORD0008243,343,CUS0000001
ORD0008244,3725,CUS0000005
ORD0008245,1292,CUS0000002
ORD0008246,181,CUS0000004
ORD0008247,4338,CUS0000004
ORD0008248,670,CUS0000001
ORD0008249,794,CUS0000001
ORD0008250,2871,CUS0000003
ORD0008251,2678,CUS0000001
ORD0008252,3390,CUS0000004
ORD0008253,1446,CUS0000001
ORD0008254,3655,CUS0000001
ORD0008255,603,CUS0000001
ORD0008256,3321,CUS0000004
ORD0008257,403,CUS0000008
ORD0008258,1336,CUS0000008
ORD0008259,4806,CUS0000002
ORD0008260,573,CUS0000001
ORD0008261,4358,CUS0000001
ORD0008262,2522,CUS0000001
ORD0008263,3534,CUS0000003
ORD0008264,3393,CUS0000001
ORD0008265,4635,CUS0000009
ORD0008266,2593,CUS0000002
ORD0008267,2669,CUS0000001
ORD0008268,2919,CUS0000001
ORD0008269,164,CUS0000001
ORD0008270,2391,CUS0000002
ORD0008271,4423,CUS0000006
ORD0008272,1303,CUS0000001
ORD0008273,3409,CUS0000001
ORD0008274,3755,CUS0000001
ORD0008275,1780,CUS0000005
ORD0008276,4559,CUS0000010
ORD0008277,3722,CUS0000001
ORD0008278,2928,CUS0000001
ORD0008279,3413,CUS0000004
ORD0008280,1716,CUS0000002
ORD0008281,2570,CUS0000001
ORD0008282,790,CUS0000002
ORD0008283,402,CUS0000007
ORD0008284,4502,CUS0000002
ORD0008285,2840,CUS0000003
ORD0008286,3294,CUS0000001
ORD0008287,1132,CUS0000002
ORD0008288,4363,CUS0000001
ORD0008289,4530,CUS0000003
ORD0008290,2425,CUS0000003
ORD0008291,1850,CUS0000001
ORD0008292,860,CUS0000002
ORD0008293,4291,CUS0000001
ORD0008294,4620,CUS0000001
ORD0008295,2657,CUS0000002
ORD0008296,4370,CUS0000002
ORD0008297,2891,CUS0000002
ORD0008298,1410,CUS0000001
ORD0008299,291,CUS0000002
ORD0008300,328,CUS0000004
ORD0008301,4523,CUS0000002
ORD0008302,4953,CUS0000002
ORD0008303,2219,CUS0000002
ORD0008304,2077,CUS0000002
ORD0008305,2589,CUS0000002
ORD0008306,3563,CUS0000001
ORD0008307,4239,CUS0000002
ORD0008308,1004,CUS0000003
ORD0008309,591,CUS0000002
ORD0008310,3155,CUS0000004
ORD0008311,2227,CUS0000001
ORD0008312,4257,CUS0000001
ORD0008313,3003,CUS0000004
ORD0008314,1114,CUS0000001
ORD0008315,491,CUS0000001
ORD0008316,1121,CUS0000005
ORD0008317,3776,CUS0000002
ORD0008318,2540,CUS0000006
ORD0008319,4789,CUS0000001
ORD0008320,142,CUS0000002
ORD0008321,3812,CUS0000001
ORD0008322,2876,CUS0000007
ORD0008323,2034,CUS0000001
ORD0008324,4864,CUS0000005
ORD0008325,4733,CUS0000003
ORD0008326,4468,CUS0000001
ORD0008327,4978,CUS0000005
ORD0008328,2015,CUS0000002
ORD0008329,2969,CUS0000002
ORD0008330,2551,CUS0000004
ORD0008331,2430,CUS0000001
ORD0008332,4792,CUS0000001
ORD0008333,1246,CUS0000009
ORD0008334,3193,CUS0000002
ORD0008335,4357,CUS0000001
ORD0008336,2128,CUS0000008
ORD0008337,962,CUS0000006
ORD0008338,2785,CUS0000001
ORD0008339,4330,CUS0000001
ORD0008340,4870,CUS0000001
ORD0008341,1677,CUS0000001
ORD0008342,3059,CUS0000001
ORD0008343,3821,CUS0000001
ORD0008344,902,CUS0000008
ORD0008345,1300,CUS0000001
ORD0008346,3587,CUS0000001
ORD0008347,3475,CUS0000003
ORD0008348,771,CUS0000002
ORD0008349,855,CUS0000001
ORD0008350,609,CUS0000001
ORD0008351,3580,CUS0000002
ORD0008352,1165,CUS0000004
ORD0008353,4001,CUS0000001
ORD0008354,1859,CUS0000002
ORD0008355,3754,CUS0000004
ORD0008356,739,CUS0000002
ORD0008357,3125,CUS0000001
ORD0008358,4411,CUS0000002
ORD0008359,3399,CUS0000002
ORD0008360,4918,CUS0000007
ORD0008361,4679,CUS0000001
ORD0008362,4351,CUS0000001
ORD0008363,3334,CUS0000001
ORD0008364,2260,CUS0000007
ORD0008365,4886,CUS0000001
ORD0008366,4186,CUS0000002
ORD0008367,3568,CUS0000001
ORD0008368,3705,CUS0000004
ORD0008369,4110,CUS0000005
ORD0008370,3515,CUS0000006
ORD0008371,1434,CUS0000001
ORD0008372,1282,CUS0000003
ORD0008373,4243,CUS0000001
ORD0008374,1141,CUS0000001
ORD0008375,4071,CUS0000004
ORD0008376,3849,CUS0000001
ORD0008377,1159,CUS0000001
ORD0008378,4304,CUS0000001
ORD0008379,4434,CUS0000004
ORD0008380,1067,CUS0000001
ORD0008381,1841,CUS0000004
ORD0008382,3830,CUS0000001
ORD0008383,3977,CUS0000005
ORD0008384,367,CUS0000001
ORD0008385,1384,CUS0000005
ORD0008386,4679,CUS0000001
ORD0008387,3125,CUS0000004
ORD0008388,1072,CUS0000003
ORD0008389,3447,CUS0000001
ORD0008390,1003,CUS0000003
ORD0008391,1090,CUS0000001
ORD0008392,3127,CUS0000001
ORD0008393,4783,CUS0000007
ORD0008394,2472,CUS0000006
ORD0008395,429,CUS0000001
ORD0008396,4382,CUS0000008
ORD0008397,1355,CUS0000001
ORD0008398,1064,CUS0000001
ORD0008399,3143,CUS0000001
ORD0008400,2597,CUS0000005
ORD0008401,3167,CUS0000001
ORD0008402,2584,CUS0000001
ORD0008403,2508,CUS0000001
ORD0008404,4080,CUS0000002
ORD0008405,329,CUS0000001
ORD0008406,1270,CUS0000003
ORD0008407,1264,CUS0000004
ORD0008408,4930,CUS0000001
ORD0008409,3555,CUS0000001
ORD0008410,498,CUS0000002
ORD0008411,2599,CUS0000008
ORD0008412,2422,CUS0000004
ORD0008413,1866,CUS0000001
ORD0008414,1599,CUS0000003
ORD0008415,4104,CUS0000003
ORD0008416,117,CUS0000001
ORD0008417,1102,CUS0000001
ORD0008418,4585,CUS0000001
ORD0008419,2956,CUS0000001
ORD0008420,653,CUS0000007
ORD0008421,466,CUS0000007
ORD0008422,3520,CUS0000004
ORD0008423,4041,CUS0000001
ORD0008424,4794,CUS0000001
ORD0008425,2637,CUS0000001
ORD0008426,4734,CUS0000001
ORD0008427,3805,CUS0000002
ORD0008428,2867,CUS0000003
ORD0008429,3190,CUS0000008
ORD0008430,3993,CUS0000001
ORD0008431,1187,CUS0000002
ORD0008432,1234,CUS0000009
ORD0008433,4235,CUS0000002
ORD0008434,3875,CUS0000005
ORD0008435,3785,CUS0000006
ORD0008436,3778,CUS0000001
ORD0008437,1320,CUS0000004
ORD0008438,2764,CUS0000001
ORD0008439,831,CUS0000001
ORD0008440,3455,CUS0000001
ORD0008441,3272,CUS0000005
ORD0008442,2007,CUS0000003
ORD0008443,3339,CUS0000001
ORD0008444,2877,CUS0000004
ORD0008445,4531,CUS0000004
ORD0008446,475,CUS0000001
ORD0008447,3729,CUS0000002
ORD0008448,2372,CUS0000001
ORD0008449,825,CUS0000001
ORD0008450,1456,CUS0000001
ORD0008451,303,CUS0000001
ORD0008452,4785,CUS0000001
ORD0008453,2630,CUS0000001
ORD0008454,4696,CUS0000008
ORD0008455,1114,CUS0000001
ORD0008456,4682,CUS0000003
ORD0008457,797,CUS0000010
ORD0008458,1676,CUS0000001
ORD0008459,4538,CUS0000002
ORD0008460,4825,CUS0000004
ORD0008461,533,CUS0000002
ORD0008462,4771,CUS0000001
ORD0008463,4374,CUS0000001
ORD0008464,1651,CUS0000004
ORD0008465,3998,CUS0000001
ORD0008466,4217,CUS0000002
ORD0008467,252,CUS0000001
ORD0008468,1085,CUS0000002
ORD0008469,4456,CUS0000002
ORD0008470,1572,CUS0000005
ORD0008471,255,CUS0000001
ORD0008472,2352,CUS0000001
ORD0008473,1785,CUS0000001
ORD0008474,2109,CUS0000008
ORD0008475,4847,CUS0000003
ORD0008476,3739,CUS0000001
ORD0008477,793,CUS0000003
ORD0008478,4470,CUS0000008
ORD0008479,2724,CUS0000004
ORD0008480,3391,CUS0000002
ORD0008481,4924,CUS0000001
ORD0008482,468,CUS0000001
ORD0008483,4126,CUS0000004
ORD0008484,290,CUS0000004
ORD0008485,2884,CUS0000001
ORD0008486,3680,CUS0000006
ORD0008487,1578,CUS0000003
ORD0008488,3499,CUS0000001
ORD0008489,297,CUS0000001
ORD0008490,4424,CUS0000001
ORD0008491,2699,CUS0000001
ORD0008492,3229,CUS0000002
ORD0008493,2206,CUS0000002
ORD0008494,845,CUS0000001
ORD0008495,1039,CUS0000001
ORD0008496,913,CUS0000001
ORD0008497,4538,CUS0000001
ORD0008498,1477,CUS0000009
ORD0008499,2437,CUS0000004
ORD0008500,1279,CUS0000003
ORD0008501,1596,CUS0000001
ORD0008502,2193,CUS0000002
ORD0008503,834,CUS0000005
ORD0008504,1363,CUS0000001
ORD0008505,2613,CUS0000005
ORD0008506,3436,CUS0000001
ORD0008507,1486,CUS0000002
ORD0008508,582,CUS0000001
ORD0008509,2764,CUS0000001
ORD0008510,1586,CUS0000002
ORD0008511,322,CUS0000001
ORD0008512,579,CUS0000001
ORD0008513,2541,CUS0000001
ORD0008514,3294,CUS0000002
ORD0008515,908,CUS0000010
ORD0008516,2721,CUS0000010
ORD0008517,1267,CUS0000006
ORD0008518,3481,CUS0000007
ORD0008519,2755,CUS0000002
ORD0008520,2212,CUS0000002
ORD0008521,3176,CUS0000009
ORD0008522,1090,CUS0000001
ORD0008523,524,CUS0000001
ORD0008524,1759,CUS0000007
ORD0008525,2062,CUS0000004
ORD0008526,4990,CUS0000002
ORD0008527,4900,CUS0000005
ORD0008528,2037,CUS0000001
ORD0008529,4138,CUS0000001
ORD0008530,4266,CUS0000001
ORD0008531,4232,CUS0000001
ORD0008532,3254,CUS0000001
ORD0008533,1042,CUS0000001
ORD0008534,2306,CUS0000001
ORD0008535,596,CUS0000001
ORD0008536,2707,CUS0000001
ORD0008537,3907,CUS0000002
ORD0008538,4631,CUS0000001
ORD0008539,3434,CUS0000001
ORD0008540,636,CUS0000001
ORD0008541,4066,CUS0000001
ORD0008542,336,CUS0000001
ORD0008543,3438,CUS0000004
ORD0008544,2014,CUS0000002
ORD0008545,252,CUS0000002
ORD0008546,2304,CUS0000001
ORD0008547,4638,CUS0000003
ORD0008548,4901,CUS0000001
ORD0008549,931,CUS0000001
ORD0008550,2117,CUS0000003
ORD0008551,4644,CUS0000003
ORD0008552,1128,CUS0000002
ORD0008553,2595,CUS0000002
ORD0008554,4755,CUS0000006
ORD0008555,3432,CUS0000001
ORD0008556,3753,CUS0000001
ORD0008557,787,CUS0000001
ORD0008558,4199,CUS0000004
ORD0008559,1766,CUS0000007
ORD0008560,1266,CUS0000001
ORD0008561,3158,CUS0000010
ORD0008562,4527,CUS0000001
ORD0008563,1477,CUS0000001
ORD0008564,2108,CUS0000001
ORD0008565,4503,CUS0000007
ORD0008566,3571,CUS0000003
ORD0008567,4647,CUS0000001
ORD0008568,3800,CUS0000003
ORD0008569,442,CUS0000001
ORD0008570,108,CUS0000001
ORD0008571,3906,CUS0000003
ORD0008572,2469,CUS0000001
ORD0008573,1471,CUS0000001
ORD0008574,104,CUS0000004
ORD0008575,592,CUS0000007
ORD0008576,4050,CUS0000003
ORD0008577,2338,CUS0000001
ORD0008578,4997,CUS0000001
ORD0008579,2155,CUS0000001
ORD0008580,3214,CUS0000001
ORD0008581,2978,CUS0000001
ORD0008582,1842,CUS0000001
ORD0008583,4893,CUS0000001
ORD0008584,4280,CUS0000004
ORD0008585,2404,CUS0000002
ORD0008586,472,CUS0000005
ORD0008587,1422,CUS0000001
ORD0008588,4475,CUS0000001
ORD0008589,4712,CUS0000001
ORD0008590,672,CUS0000004
ORD0008591,2562,CUS0000007
ORD0008592,834,CUS0000001
ORD0008593,3338,CUS0000001
ORD0008594,1107,CUS0000001
ORD0008595,1244,CUS0000003
ORD0008596,4658,CUS0000001
ORD0008597,2389,CUS0000005
ORD0008598,3638,CUS0000009
ORD0008599,1827,CUS0000002
ORD0008600,4235,CUS0000003
ORD0008601,2707,CUS0000001
ORD0008602,2906,CUS0000002
ORD0008603,2241,CUS0000002
ORD0008604,3808,CUS0000001
ORD0008605,2336,CUS0000001
ORD0008606,2114,CUS0000008
ORD0008607,2734,CUS0000001
ORD0008608,2898,CUS0000003
ORD0008609,1825,CUS0000003
ORD0008610,3866,CUS0000005
ORD0008611,2790,CUS0000001
ORD0008612,230,CUS0000002
ORD0008613,1195,CUS0000007
ORD0008614,116,CUS0000003
ORD0008615,4003,CUS0000002
ORD0008616,135,CUS0000001
ORD0008617,178,CUS0000001
ORD0008618,1521,CUS0000001
ORD0008619,3484,CUS0000003
ORD0008620,4653,CUS0000001
ORD0008621,4105,CUS0000001
ORD0008622,3317,CUS0000001
ORD0008623,4508,CUS0000008
ORD0008624,764,CUS0000002
ORD0008625,735,CUS0000009
ORD0008626,4512,CUS0000003
ORD0008627,353,CUS0000001
ORD0008628,3746,CUS0000003
ORD0008629,1111,CUS0000002
ORD0008630,2991,CUS0000001
ORD0008631,3183,CUS0000001
ORD0008632,3032,CUS0000007
ORD0008633,3268,CUS0000005
ORD0008634,1551,CUS0000001
ORD0008635,169,CUS0000002
ORD0008636,1122,CUS0000003
ORD0008637,3890,CUS0000003
ORD0008638,3134,CUS0000001
ORD0008639,1680,CUS0000002
ORD0008640,3741,CUS0000002
ORD0008641,176,CUS0000006
ORD0008642,1914,CUS0000008
ORD0008643,262,CUS0000010
ORD0008644,2403,CUS0000001
ORD0008645,3031,CUS0000002
ORD0008646,1668,CUS0000006
ORD0008647,837,CUS0000008
ORD0008648,2583,CUS0000001
ORD0008649,1911,CUS0000003
ORD0008650,2019,CUS0000001
ORD0008651,4145,CUS0000001
ORD0008652,3073,CUS0000002
ORD0008653,401,CUS0000001
ORD0008654,2399,CUS0000001
ORD0008655,4137,CUS0000001
ORD0008656,1812,CUS0000001
ORD0008657,158,CUS0000008
ORD0008658,1706,CUS0000002
ORD0008659,3344,CUS0000002
ORD0008660,1008,CUS0000002
ORD0008661,2372,CUS0000001
ORD0008662,4762,CUS0000001
ORD0008663,4198,CUS0000006
ORD0008664,4146,CUS0000004
ORD0008665,1496,CUS0000001
ORD0008666,4620,CUS0000002
ORD0008667,1687,CUS0000003
ORD0008668,4734,CUS0000001
ORD0008669,4729,CUS0000001
ORD0008670,1537,CUS0000003
ORD0008671,635,CUS0000001
ORD0008672,4918,CUS0000001
ORD0008673,1150,CUS0000001
ORD0008674,632,CUS0000003
ORD0008675,1143,CUS0000003
ORD0008676,2226,CUS0000008
ORD0008677,4768,CUS0000002
ORD0008678,1967,CUS0000002
ORD0008679,4385,CUS0000001
ORD0008680,2347,CUS0000002
ORD0008681,1671,CUS0000008
ORD0008682,289,CUS0000001
ORD0008683,4465,CUS0000001
ORD0008684,2171,CUS0000001
ORD0008685,4688,CUS0000001
ORD0008686,3818,CUS0000001
ORD0008687,116,CUS0000005
ORD0008688,3598,CUS0000001
ORD0008689,524,CUS0000001
ORD0008690,2746,CUS0000001
ORD0008691,3643,CUS0000002
ORD0008692,3433,CUS0000004
ORD0008693,2344,CUS0000001
ORD0008694,1097,CUS0000001
ORD0008695,4345,CUS0000001
ORD0008696,3922,CUS0000001
ORD0008697,4159,CUS0000006
ORD0008698,3061,CUS0000001
ORD0008699,4337,CUS0000001
ORD0008700,456,CUS0000002
ORD0008701,1939,CUS0000001
ORD0008702,484,CUS0000001
ORD0008703,2376,CUS0000001
ORD0008704,3541,CUS0000008
ORD0008705,4461,CUS0000003
ORD0008706,3777,CUS0000001
ORD0008707,2690,CUS0000004
ORD0008708,142,CUS0000001
ORD0008709,3310,CUS0000005
ORD0008710,1694,CUS0000001
ORD0008711,2841,CUS0000003
ORD0008712,770,CUS0000001
ORD0008713,4784,CUS0000001
ORD0008714,307,CUS0000006
ORD0008715,1948,CUS0000001
ORD0008716,3571,CUS0000002
ORD0008717,709,CUS0000001
ORD0008718,2147,CUS0000001
ORD0008719,1712,CUS0000003
ORD0008720,1447,CUS0000002
ORD0008721,2797,CUS0000006
ORD0008722,2646,CUS0000002
ORD0008723,614,CUS0000001
ORD0008724,892,CUS0000001
ORD0008725,328,CUS0000006
ORD0008726,4031,CUS0000001
ORD0008727,3638,CUS0000001
ORD0008728,296,CUS0000001
ORD0008729,4954,CUS0000001
ORD0008730,2838,CUS0000007
ORD0008731,2151,CUS0000001
ORD0008732,2124,CUS0000002
ORD0008733,983,CUS0000008
ORD0008734,3979,CUS0000007
ORD0008735,2052,CUS0000001
ORD0008736,2891,CUS0000003
ORD0008737,545,CUS0000010
ORD0008738,2832,CUS0000002
ORD0008739,4357,CUS0000009
ORD0008740,2039,CUS0000001
ORD0008741,697,CUS0000005
ORD0008742,3692,CUS0000005
ORD0008743,883,CUS0000001
ORD0008744,3757,CUS0000002
ORD0008745,4842,CUS0000002
ORD0008746,1122,CUS0000001
ORD0008747,800,CUS0000001
ORD0008748,597,CUS0000001
ORD0008749,373,CUS0000008
ORD0008750,3191,CUS0000001
ORD0008751,2666,CUS0000002
ORD0008752,632,CUS0000006
ORD0008753,1144,CUS0000004
ORD0008754,607,CUS0000006
ORD0008755,3720,CUS0000001
ORD0008756,548,CUS0000001
ORD0008757,2569,CUS0000002
ORD0008758,3637,CUS0000001
ORD0008759,638,CUS0000001
ORD0008760,934,CUS0000001
ORD0008761,557,CUS0000001
ORD0008762,4681,CUS0000002
ORD0008763,527,CUS0000001
ORD0008764,2515,CUS0000001
ORD0008765,3224,CUS0000001
ORD0008766,3390,CUS0000001
ORD0008767,885,CUS0000001
ORD0008768,3467,CUS0000003
ORD0008769,2009,CUS0000002
ORD0008770,186,CUS0000001
ORD0008771,3814,CUS0000001
ORD0008772,3245,CUS0000008
ORD0008773,3902,CUS0000001
ORD0008774,3607,CUS0000004
ORD0008775,929,CUS0000003
ORD0008776,2882,CUS0000001
ORD0008777,312,CUS0000001
ORD0008778,3819,CUS0000006
ORD0008779,4337,CUS0000004
ORD0008780,2788,CUS0000002
ORD0008781,4915,CUS0000006
ORD0008782,1676,CUS0000003
ORD0008783,984,CUS0000003
ORD0008784,941,CUS0000002
ORD0008785,200,CUS0000001
ORD0008786,4975,CUS0000003
ORD0008787,653,CUS0000002
ORD0008788,4956,CUS0000001
ORD0008789,1686,CUS0000001
ORD0008790,4795,CUS0000002
ORD0008791,1132,CUS0000001
ORD0008792,4268,CUS0000002
ORD0008793,2199,CUS0000001
ORD0008794,3011,CUS0000003
ORD0008795,3548,CUS0000003
ORD0008796,4043,CUS0000001
ORD0008797,3742,CUS0000003
ORD0008798,1623,CUS0000001
ORD0008799,2091,CUS0000002
ORD0008800,1227,CUS0000001
ORD0008801,461,CUS0000001
ORD0008802,595,CUS0000010
ORD0008803,1145,CUS0000001
ORD0008804,2653,CUS0000001
ORD0008805,4888,CUS0000002
ORD0008806,3670,CUS0000004
ORD0008807,4303,CUS0000002
ORD0008808,3030,CUS0000001
ORD0008809,2649,CUS0000002
ORD0008810,4881,CUS0000001
ORD0008811,4533,CUS0000007
ORD0008812,1292,CUS0000002
ORD0008813,1307,CUS0000002
ORD0008814,3946,CUS0000006
ORD0008815,2628,CUS0000004
ORD0008816,2909,CUS0000001
ORD0008817,2484,CUS0000008
ORD0008818,3121,CUS0000001
ORD0008819,166,CUS0000001
ORD0008820,4340,CUS0000001
ORD0008821,4904,CUS0000002
ORD0008822,1284,CUS0000001
ORD0008823,569,CUS0000003
ORD0008824,2044,CUS0000001
ORD0008825,4254,CUS0000001
ORD0008826,4683,CUS0000002
ORD0008827,547,CUS0000002
ORD0008828,3557,CUS0000002
ORD0008829,2916,CUS0000002
ORD0008830,1700,CUS0000005
ORD0008831,1741,CUS0000001
ORD0008832,1748,CUS0000002
ORD0008833,660,CUS0000001
ORD0008834,2897,CUS0000001
ORD0008835,1651,CUS0000001
ORD0008836,3997,CUS0000001
ORD0008837,3928,CUS0000001
ORD0008838,2812,CUS0000001
ORD0008839,4838,CUS0000001
ORD0008840,4737,CUS0000003
ORD0008841,2849,CUS0000002
ORD0008842,2554,CUS0000001
ORD0008843,3529,CUS0000001
ORD0008844,2792,CUS0000008
ORD0008845,1429,CUS0000001
ORD0008846,958,CUS0000002
ORD0008847,3821,CUS0000001
ORD0008848,445,CUS0000001
ORD0008849,4162,CUS0000001
ORD0008850,1897,CUS0000002
ORD0008851,130,CUS0000001
ORD0008852,1927,CUS0000001
ORD0008853,1986,CUS0000001
ORD0008854,3921,CUS0000001
ORD0008855,1846,CUS0000007
ORD0008856,2058,CUS0000003
ORD0008857,4038,CUS0000001
ORD0008858,2815,CUS0000001
ORD0008859,3179,CUS0000003
ORD0008860,1781,CUS0000001
ORD0008861,3379,CUS0000005
ORD0008862,1609,CUS0000001
ORD0008863,155,CUS0000005
ORD0008864,3072,CUS0000001
ORD0008865,181,CUS0000003
ORD0008866,704,CUS0000001
ORD0008867,3031,CUS0000004
ORD0008868,345,CUS0000001
ORD0008869,4644,CUS0000001
ORD0008870,1043,CUS0000001
ORD0008871,1266,CUS0000001
ORD0008872,2480,CUS0000001
ORD0008873,3707,CUS0000001
ORD0008874,1692,CUS0000003
ORD0008875,4897,CUS0000004
ORD0008876,3048,CUS0000001
ORD0008877,459,CUS0000004
ORD0008878,343,CUS0000001
ORD0008879,1731,CUS0000004
ORD0008880,1720,CUS0000001
ORD0008881,2427,CUS0000001
ORD0008882,1526,CUS0000006
ORD0008883,1893,CUS0000001
ORD0008884,2246,CUS0000002
ORD0008885,1527,CUS0000001
ORD0008886,2883,CUS0000001
ORD0008887,4642,CUS0000001
ORD0008888,2114,CUS0000001
ORD0008889,1562,CUS0000002
ORD0008890,1705,CUS0000001
ORD0008891,276,CUS0000006
ORD0008892,1542,CUS0000003
ORD0008893,2244,CUS0000003
ORD0008894,928,CUS0000001
ORD0008895,271,CUS0000001
ORD0008896,1224,CUS0000002
ORD0008897,3204,CUS0000005
ORD0008898,1009,CUS0000001
ORD0008899,2872,CUS0000003
ORD0008900,1822,CUS0000002
ORD0008901,2599,CUS0000001
ORD0008902,3837,CUS0000004
ORD0008903,2067,CUS0000001
ORD0008904,3128,CUS0000005
ORD0008905,3150,CUS0000003
ORD0008906,1503,CUS0000004
ORD0008907,4416,CUS0000001
ORD0008908,3653,CUS0000001
ORD0008909,635,CUS0000001
ORD0008910,1070,CUS0000002
ORD0008911,1283,CUS0000004
ORD0008912,1171,CUS0000001
ORD0008913,1653,CUS0000001
ORD0008914,1670,CUS0000001
ORD0008915,4462,CUS0000001
ORD0008916,3198,CUS0000001
ORD0008917,3165,CUS0000002
ORD0008918,2704,CUS0000001
ORD0008919,3618,CUS0000005
ORD0008920,2103,CUS0000005
ORD0008921,478,CUS0000006
ORD0008922,4911,CUS0000001
ORD0008923,1649,CUS0000003
ORD0008924,4486,CUS0000006
ORD0008925,2509,CUS0000001
ORD0008926,1317,CUS0000003
ORD0008927,2784,CUS0000007
ORD0008928,2124,CUS0000001
ORD0008929,536,CUS0000002
ORD0008930,2394,CUS0000001
ORD0008931,1135,CUS0000001
ORD0008932,4263,CUS0000001
ORD0008933,4884,CUS0000001
ORD0008934,4105,CUS0000003
ORD0008935,1814,CUS0000001
ORD0008936,766,CUS0000002
ORD0008937,3955,CUS0000001
ORD0008938,631,CUS0000001
ORD0008939,1471,CUS0000009
ORD0008940,4266,CUS0000003
ORD0008941,3279,CUS0000002
ORD0008942,4271,CUS0000001
ORD0008943,3165,CUS0000001
ORD0008944,4184,CUS0000001
ORD0008945,4350,CUS0000001
ORD0008946,3903,CUS0000002
ORD0008947,1566,CUS0000001
ORD0008948,2736,CUS0000001
ORD0008949,3162,CUS0000001
ORD0008950,4404,CUS0000001
ORD0008951,4059,CUS0000001
ORD0008952,4153,CUS0000005
ORD0008953,3981,CUS0000001
ORD0008954,2298,CUS0000001
ORD0008955,4861,CUS0000001
ORD0008956,3384,CUS0000001
ORD0008957,4883,CUS0000001
ORD0008958,399,CUS0000001
ORD0008959,1797,CUS0000004
ORD0008960,1898,CUS0000001
ORD0008961,1762,CUS0000002
ORD0008962,3803,CUS0000003
ORD0008963,2020,CUS0000001
ORD0008964,3343,CUS0000001
ORD0008965,1890,CUS0000003
ORD0008966,2606,CUS0000005
ORD0008967,3581,CUS0000002
ORD0008968,3189,CUS0000008
ORD0008969,4780,CUS0000002
ORD0008970,1387,CUS0000001
ORD0008971,3164,CUS0000010
ORD0008972,2185,CUS0000008
ORD0008973,4610,CUS0000002
ORD0008974,794,CUS0000003
ORD0008975,1200,CUS0000007
ORD0008976,788,CUS0000001
ORD0008977,2517,CUS0000001
ORD0008978,3741,CUS0000001
ORD0008979,4350,CUS0000004
ORD0008980,2980,CUS0000001
ORD0008981,1985,CUS0000002
ORD0008982,4883,CUS0000003
ORD0008983,437,CUS0000001
ORD0008984,3911,CUS0000001
ORD0008985,4296,CUS0000001
ORD0008986,2855,CUS0000001
ORD0008987,3590,CUS0000001
ORD0008988,3795,CUS0000009
ORD0008989,3930,CUS0000010
ORD0008990,3643,CUS0000008
ORD0008991,3450,CUS0000009
ORD0008992,3110,CUS0000001
ORD0008993,4175,CUS0000001
ORD0008994,2697,CUS0000001
ORD0008995,2336,CUS0000002
ORD0008996,3232,CUS0000001
ORD0008997,302,CUS0000001
ORD0008998,1571,CUS0000001
ORD0008999,3718,CUS0000004
ORD0009000,2015,CUS0000004
ORD0009001,2275,CUS0000001
ORD0009002,721,CUS0000001
ORD0009003,3041,CUS0000004
ORD0009004,775,CUS0000005
ORD0009005,2512,CUS0000002
ORD0009006,4210,CUS0000001
ORD0009007,4300,CUS0000001
ORD0009008,4578,CUS0000003
ORD0009009,740,CUS0000001
ORD0009010,2364,CUS0000001
ORD0009011,1965,CUS0000003
ORD0009012,906,CUS0000006
ORD0009013,1071,CUS0000002
ORD0009014,684,CUS0000001
ORD0009015,3051,CUS0000001
ORD0009016,413,CUS0000001
ORD0009017,4573,CUS0000002
ORD0009018,1740,CUS0000006
ORD0009019,2834,CUS0000004
ORD0009020,1710,CUS0000001
ORD0009021,2797,CUS0000003
ORD0009022,2148,CUS0000006
ORD0009023,2579,CUS0000002
ORD0009024,2348,CUS0000008
ORD0009025,1661,CUS0000001
ORD0009026,1229,CUS0000001
ORD0009027,4549,CUS0000001
ORD0009028,2239,CUS0000001
ORD0009029,169,CUS0000005
ORD0009030,2553,CUS0000001
ORD0009031,2408,CUS0000007
ORD0009032,2939,CUS0000002
ORD0009033,3408,CUS0000002
ORD0009034,3423,CUS0000008
ORD0009035,4850,CUS0000001
ORD0009036,197,CUS0000001
ORD0009037,3966,CUS0000001
ORD0009038,4299,CUS0000001
ORD0009039,1322,CUS0000001
ORD0009040,3356,CUS0000001
ORD0009041,1964,CUS0000002
ORD0009042,1958,CUS0000006
ORD0009043,1819,CUS0000002
ORD0009044,3986,CUS0000007
ORD0009045,2014,CUS0000007
ORD0009046,4325,CUS0000007
ORD0009047,4908,CUS0000001
ORD0009048,4627,CUS0000001
ORD0009049,3939,CUS0000001
ORD0009050,3879,CUS0000003
ORD0009051,2890,CUS0000002
ORD0009052,803,CUS0000001
ORD0009053,2664,CUS0000007
ORD0009054,1638,CUS0000002
ORD0009055,3612,CUS0000001
ORD0009056,3521,CUS0000005
ORD0009057,1816,CUS0000001
ORD0009058,3693,CUS0000005
ORD0009059,3786,CUS0000001
ORD0009060,4674,CUS0000001
ORD0009061,346,CUS0000009
ORD0009062,3169,CUS0000001
ORD0009063,1238,CUS0000001
ORD0009064,4830,CUS0000003
ORD0009065,1151,CUS0000010
ORD0009066,2603,CUS0000001
ORD0009067,179,CUS0000001
ORD0009068,4194,CUS0000007
ORD0009069,3005,CUS0000001
ORD0009070,2883,CUS0000010
ORD0009071,1947,CUS0000008
ORD0009072,3533,CUS0000002
ORD0009073,3587,CUS0000002
ORD0009074,3404,CUS0000001
ORD0009075,4504,CUS0000006
ORD0009076,2554,CUS0000007
ORD0009077,2771,CUS0000004
ORD0009078,4908,CUS0000001
ORD0009079,290,CUS0000001
ORD0009080,4749,CUS0000001
ORD0009081,363,CUS0000003
ORD0009082,1239,CUS0000001
ORD0009083,1359,CUS0000002
ORD0009084,2805,CUS0000001
ORD0009085,4754,CUS0000003
ORD0009086,4801,CUS0000001
ORD0009087,3302,CUS0000008
ORD0009088,3223,CUS0000003
ORD0009089,1772,CUS0000001
ORD0009090,3300,CUS0000002
ORD0009091,621,CUS0000003
ORD0009092,4478,CUS0000001
ORD0009093,3265,CUS0000007
ORD0009094,1642,CUS0000004
ORD0009095,3989,CUS0000007
ORD0009096,989,CUS0000001
ORD0009097,2793,CUS0000001
ORD0009098,4765,CUS0000001
ORD0009099,3798,CUS0000002
ORD0009100,2595,CUS0000001
ORD0009101,863,CUS0000007
ORD0009102,1504,CUS0000001
ORD0009103,954,CUS0000001
ORD0009104,4629,CUS0000001
ORD0009105,1555,CUS0000009
ORD0009106,362,CUS0000001
ORD0009107,4102,CUS0000006
ORD0009108,319,CUS0000001
ORD0009109,1629,CUS0000006
ORD0009110,1730,CUS0000004
ORD0009111,669,CUS0000001
ORD0009112,3261,CUS0000005
ORD0009113,2425,CUS0000002
ORD0009114,1786,CUS0000003
ORD0009115,2009,CUS0000001
ORD0009116,2484,CUS0000001
ORD0009117,4395,CUS0000002
ORD0009118,673,CUS0000001
ORD0009119,3824,CUS0000002
ORD0009120,570,CUS0000004
ORD0009121,3119,CUS0000001
ORD0009122,4347,CUS0000002
ORD0009123,190,CUS0000004
ORD0009124,1507,CUS0000005
ORD0009125,2776,CUS0000004
ORD0009126,3465,CUS0000001
ORD0009127,3303,CUS0000001
ORD0009128,1386,CUS0000001
ORD0009129,1007,CUS0000002
ORD0009130,1157,CUS0000001
ORD0009131,4494,CUS0000001
ORD0009132,3527,CUS0000001
ORD0009133,4017,CUS0000001
ORD0009134,663,CUS0000001
ORD0009135,3286,CUS0000006
ORD0009136,1791,CUS0000002
ORD0009137,1164,CUS0000001
ORD0009138,1784,CUS0000003
ORD0009139,2637,CUS0000003
ORD0009140,3640,CUS0000004
ORD0009141,3989,CUS0000004
ORD0009142,1400,CUS0000007
ORD0009143,4811,CUS0000001
ORD0009144,2642,CUS0000007
ORD0009145,4912,CUS0000001
ORD0009146,1762,CUS0000002
ORD0009147,4216,CUS0000002
ORD0009148,3859,CUS0000001
ORD0009149,2356,CUS0000001
ORD0009150,1752,CUS0000001
ORD0009151,160,CUS0000005
ORD0009152,1268,CUS0000001
ORD0009153,3751,CUS0000001
ORD0009154,624,CUS0000001
ORD0009155,3370,CUS0000001
ORD0009156,2122,CUS0000002
ORD0009157,4407,CUS0000008
ORD0009158,2794,CUS0000001
ORD0009159,4763,CUS0000001
ORD0009160,4121,CUS0000001
ORD0009161,3869,CUS0000009
ORD0009162,3890,CUS0000003
ORD0009163,4819,CUS0000001
ORD0009164,420,CUS0000007
ORD0009165,846,CUS0000003
ORD0009166,2458,CUS0000002
ORD0009167,3838,CUS0000002
ORD0009168,2940,CUS0000001
ORD0009169,2536,CUS0000010
ORD0009170,3303,CUS0000006
ORD0009171,1534,CUS0000001
ORD0009172,3500,CUS0000001
ORD0009173,2140,CUS0000002
ORD0009174,1571,CUS0000001
ORD0009175,3639,CUS0000001
ORD0009176,3850,CUS0000004
ORD0009177,3251,CUS0000001
ORD0009178,1602,CUS0000003
ORD0009179,4758,CUS0000002
ORD0009180,882,CUS0000001
ORD0009181,3323,CUS0000003
ORD0009182,457,CUS0000005
ORD0009183,2063,CUS0000004
ORD0009184,1393,CUS0000001
ORD0009185,2342,CUS0000003
ORD0009186,4505,CUS0000009
ORD0009187,2491,CUS0000001
ORD0009188,646,CUS0000006
ORD0009189,1879,CUS0000002
ORD0009190,4142,CUS0000001
ORD0009191,3469,CUS0000001
ORD0009192,4628,CUS0000001
ORD0009193,1093,CUS0000002
ORD0009194,3120,CUS0000003
ORD0009195,726,CUS0000001
ORD0009196,961,CUS0000003
ORD0009197,4232,CUS0000001
ORD0009198,2770,CUS0000002
ORD0009199,3459,CUS0000002
ORD0009200,3794,CUS0000001
ORD0009201,1450,CUS0000001
ORD0009202,2170,CUS0000001
ORD0009203,1798,CUS0000003
ORD0009204,4245,CUS0000006
ORD0009205,465,CUS0000004
ORD0009206,3886,CUS0000004
ORD0009207,318,CUS0000001
ORD0009208,699,CUS0000001
ORD0009209,3883,CUS0000001
ORD0009210,3222,CUS0000002
ORD0009211,2915,CUS0000009
ORD0009212,3371,CUS0000001
ORD0009213,1692,CUS0000001
ORD0009214,3349,CUS0000001
ORD0009215,409,CUS0000009
ORD0009216,187,CUS0000001
ORD0009217,2152,CUS0000001
ORD0009218,1039,CUS0000002
ORD0009219,1218,CUS0000004
ORD0009220,2779,CUS0000001
ORD0009221,3903,CUS0000002
ORD0009222,4071,CUS0000001
ORD0009223,3879,CUS0000005
ORD0009224,658,CUS0000001
ORD0009225,776,CUS0000001
ORD0009226,4592,CUS0000001
ORD0009227,2084,CUS0000001
ORD0009228,3685,CUS0000001
ORD0009229,1248,CUS0000002
ORD0009230,3956,CUS0000008
ORD0009231,2386,CUS0000009
ORD0009232,1421,CUS0000001
ORD0009233,1497,CUS0000008
ORD0009234,247,CUS0000002
ORD0009235,923,CUS0000002
ORD0009236,1551,CUS0000001
ORD0009237,2509,CUS0000001
ORD0009238,1117,CUS0000005
ORD0009239,4479,CUS0000002
ORD0009240,3301,CUS0000005
ORD0009241,1479,CUS0000001
ORD0009242,735,CUS0000003
ORD0009243,191,CUS0000001
ORD0009244,2338,CUS0000005
ORD0009245,1357,CUS0000004
ORD0009246,3709,CUS0000001
ORD0009247,3033,CUS0000001
ORD0009248,1557,CUS0000003
ORD0009249,1874,CUS0000001
ORD0009250,382,CUS0000001
ORD0009251,4460,CUS0000009
ORD0009252,1870,CUS0000001
ORD0009253,3721,CUS0000003
ORD0009254,491,CUS0000001
ORD0009255,4383,CUS0000008
ORD0009256,942,CUS0000007
ORD0009257,3299,CUS0000002
ORD0009258,2625,CUS0000002
ORD0009259,3737,CUS0000003
ORD0009260,529,CUS0000001
ORD0009261,5000,CUS0000010
ORD0009262,138,CUS0000001
ORD0009263,498,CUS0000010
ORD0009264,3191,CUS0000005
ORD0009265,1752,CUS0000002
ORD0009266,2145,CUS0000003
ORD0009267,3169,CUS0000002
ORD0009268,2054,CUS0000003
ORD0009269,1738,CUS0000005
ORD0009270,848,CUS0000001
ORD0009271,231,CUS0000008
ORD0009272,3554,CUS0000001
ORD0009273,328,CUS0000001
ORD0009274,219,CUS0000004
ORD0009275,2861,CUS0000002
ORD0009276,1674,CUS0000010
ORD0009277,617,CUS0000001
ORD0009278,1906,CUS0000002
ORD0009279,891,CUS0000006
ORD0009280,1475,CUS0000001
ORD0009281,1468,CUS0000006
ORD0009282,460,CUS0000004
ORD0009283,3505,CUS0000001
ORD0009284,4298,CUS0000004
ORD0009285,982,CUS0000001
ORD0009286,2779,CUS0000002
ORD0009287,2743,CUS0000002
ORD0009288,4704,CUS0000001
ORD0009289,1652,CUS0000003
ORD0009290,1796,CUS0000001
ORD0009291,4537,CUS0000001
ORD0009292,3336,CUS0000001
ORD0009293,3605,CUS0000001
ORD0009294,1089,CUS0000001
ORD0009295,2003,CUS0000005
ORD0009296,1851,CUS0000008
ORD0009297,967,CUS0000003
ORD0009298,3021,CUS0000002
ORD0009299,2749,CUS0000001
ORD0009300,1522,CUS0000001
ORD0009301,222,CUS0000002
ORD0009302,3394,CUS0000001
ORD0009303,2690,CUS0000001
ORD0009304,198,CUS0000001
ORD0009305,3288,CUS0000001
ORD0009306,1842,CUS0000004
ORD0009307,3858,CUS0000002
ORD0009308,1903,CUS0000001
ORD0009309,640,CUS0000004
ORD0009310,2381,CUS0000001
ORD0009311,3122,CUS0000001
ORD0009312,459,CUS0000001
ORD0009313,651,CUS0000003
ORD0009314,1890,CUS0000004
ORD0009315,3467,CUS0000001
ORD0009316,2570,CUS0000001
ORD0009317,4192,CUS0000002
ORD0009318,934,CUS0000004
ORD0009319,4492,CUS0000007
ORD0009320,4762,CUS0000002
ORD0009321,1504,CUS0000001
ORD0009322,2163,CUS0000001
ORD0009323,876,CUS0000003
ORD0009324,2757,CUS0000001
ORD0009325,3283,CUS0000002
ORD0009326,1188,CUS0000007
ORD0009327,2820,CUS0000001
ORD0009328,1536,CUS0000001
ORD0009329,2704,CUS0000001
ORD0009330,4049,CUS0000007
ORD0009331,653,CUS0000001
ORD0009332,2845,CUS0000003
ORD0009333,244,CUS0000002
ORD0009334,4892,CUS0000001
ORD0009335,3777,CUS0000001
ORD0009336,3232,CUS0000002
ORD0009337,4286,CUS0000001
ORD0009338,2004,CUS0000001
ORD0009339,4224,CUS0000001
ORD0009340,4912,CUS0000001
ORD0009341,208,CUS0000001
ORD0009342,2005,CUS0000001
ORD0009343,273,CUS0000001
ORD0009344,1116,CUS0000001
ORD0009345,2630,CUS0000001
ORD0009346,2036,CUS0000002
ORD0009347,3610,CUS0000002
ORD0009348,2095,CUS0000001
ORD0009349,750,CUS0000003
ORD0009350,590,CUS0000001
ORD0009351,1226,CUS0000001
ORD0009352,3168,CUS0000007
ORD0009353,4185,CUS0000002
ORD0009354,2529,CUS0000003
ORD0009355,1754,CUS0000001
ORD0009356,1342,CUS0000008
ORD0009357,3178,CUS0000001
ORD0009358,1774,CUS0000002
ORD0009359,410,CUS0000002
ORD0009360,2050,CUS0000001
ORD0009361,4999,CUS0000002
ORD0009362,3735,CUS0000002
ORD0009363,2792,CUS0000001
ORD0009364,1199,CUS0000001
ORD0009365,2378,CUS0000001
ORD0009366,2701,CUS0000001
ORD0009367,424,CUS0000001
ORD0009368,4366,CUS0000002
ORD0009369,3498,CUS0000003
ORD0009370,2463,CUS0000001
ORD0009371,294,CUS0000002
ORD0009372,1976,CUS0000002
ORD0009373,2813,CUS0000001
ORD0009374,2907,CUS0000008
ORD0009375,2084,CUS0000003
ORD0009376,1786,CUS0000008
ORD0009377,4518,CUS0000002
ORD0009378,542,CUS0000001
ORD0009379,2134,CUS0000002
ORD0009380,1922,CUS0000001
ORD0009381,3225,CUS0000005
ORD0009382,4371,CUS0000007
ORD0009383,2734,CUS0000007
ORD0009384,1603,CUS0000003
ORD0009385,3723,CUS0000006
ORD0009386,149,CUS0000003
ORD0009387,629,CUS0000001
ORD0009388,4127,CUS0000001
ORD0009389,673,CUS0000001
ORD0009390,1676,CUS0000003
ORD0009391,526,CUS0000001
ORD0009392,1259,CUS0000001
ORD0009393,1772,CUS0000008
ORD0009394,1128,CUS0000002
ORD0009395,851,CUS0000004
ORD0009396,1522,CUS0000002
ORD0009397,4954,CUS0000001
ORD0009398,4596,CUS0000001
ORD0009399,1774,CUS0000001
ORD0009400,2035,CUS0000001
ORD0009401,4256,CUS0000001
ORD0009402,740,CUS0000005
ORD0009403,3591,CUS0000003
ORD0009404,3926,CUS0000001
ORD0009405,2651,CUS0000001
ORD0009406,1444,CUS0000010
ORD0009407,1718,CUS0000002
ORD0009408,2106,CUS0000001
ORD0009409,3573,CUS0000007
ORD0009410,1545,CUS0000001
ORD0009411,2139,CUS0000003
ORD0009412,2583,CUS0000001
ORD0009413,2437,CUS0000001
ORD0009414,4822,CUS0000002
ORD0009415,3772,CUS0000001
ORD0009416,1749,CUS0000001
ORD0009417,2327,CUS0000002
ORD0009418,4041,CUS0000001
ORD0009419,755,CUS0000001
ORD0009420,3045,CUS0000002
ORD0009421,3362,CUS0000002
ORD0009422,3194,CUS0000007
ORD0009423,1474,CUS0000006
ORD0009424,3956,CUS0000001
ORD0009425,3715,CUS0000004
ORD0009426,3562,CUS0000001
ORD0009427,4239,CUS0000001
ORD0009428,3650,CUS0000003
ORD0009429,1376,CUS0000001
ORD0009430,4048,CUS0000005
ORD0009431,262,CUS0000001
ORD0009432,3224,CUS0000001
ORD0009433,3601,CUS0000001
ORD0009434,781,CUS0000003
ORD0009435,2559,CUS0000001
ORD0009436,4975,CUS0000001
ORD0009437,4500,CUS0000003
ORD0009438,1351,CUS0000009
ORD0009439,4628,CUS0000002
ORD0009440,1539,CUS0000002
ORD0009441,2207,CUS0000008
ORD0009442,3216,CUS0000001
ORD0009443,3898,CUS0000001
ORD0009444,2605,CUS0000002
ORD0009445,3815,CUS0000002
ORD0009446,2420,CUS0000001
ORD0009447,3173,CUS0000003
ORD0009448,4705,CUS0000001
ORD0009449,4039,CUS0000001
ORD0009450,689,CUS0000003
ORD0009451,2829,CUS0000002
ORD0009452,1219,CUS0000003
ORD0009453,3944,CUS0000001
ORD0009454,1703,CUS0000001
ORD0009455,1367,CUS0000001
ORD0009456,1653,CUS0000001
ORD0009457,134,CUS0000001
ORD0009458,205,CUS0000001
ORD0009459,4201,CUS0000001
ORD0009460,3165,CUS0000010
ORD0009461,4125,CUS0000005
ORD0009462,3414,CUS0000002
ORD0009463,3506,CUS0000006
ORD0009464,3332,CUS0000002
ORD0009465,3156,CUS0000002
ORD0009466,3246,CUS0000002
ORD0009467,4110,CUS0000001
ORD0009468,2621,CUS0000001
ORD0009469,4919,CUS0000007
ORD0009470,683,CUS0000001
ORD0009471,3448,CUS0000001
ORD0009472,418,CUS0000001
ORD0009473,1119,CUS0000001
ORD0009474,3252,CUS0000001
ORD0009475,4733,CUS0000006
ORD0009476,1430,CUS0000007
ORD0009477,1691,CUS0000003
ORD0009478,3674,CUS0000001
ORD0009479,2191,CUS0000001
ORD0009480,2955,CUS0000001
ORD0009481,4274,CUS0000006
ORD0009482,4102,CUS0000002
ORD0009483,3116,CUS0000001
ORD0009484,572,CUS0000007
ORD0009485,3256,CUS0000002
ORD0009486,3573,CUS0000003
ORD0009487,2121,CUS0000001
ORD0009488,2085,CUS0000003
ORD0009489,4013,CUS0000005
ORD0009490,382,CUS0000001
ORD0009491,3060,CUS0000001
ORD0009492,331,CUS0000001
ORD0009493,1311,CUS0000005
ORD0009494,2240,CUS0000005
ORD0009495,3831,CUS0000001
ORD0009496,1307,CUS0000002
ORD0009497,2183,CUS0000002
ORD0009498,2126,CUS0000002
ORD0009499,4837,CUS0000002
ORD0009500,1422,CUS0000001
ORD0009501,201,CUS0000001
ORD0009502,1056,CUS0000001
ORD0009503,856,CUS0000001
ORD0009504,3248,CUS0000002
ORD0009505,3357,CUS0000001
ORD0009506,4901,CUS0000007
ORD0009507,758,CUS0000010
ORD0009508,4347,CUS0000002
ORD0009509,1646,CUS0000002
ORD0009510,3564,CUS0000003
ORD0009511,1458,CUS0000002
ORD0009512,3596,CUS0000005
ORD0009513,2171,CUS0000001
ORD0009514,2575,CUS0000001
ORD0009515,4201,CUS0000001
ORD0009516,4467,CUS0000001
ORD0009517,3235,CUS0000006
ORD0009518,4901,CUS0000002
ORD0009519,2622,CUS0000001
ORD0009520,3471,CUS0000003
ORD0009521,828,CUS0000001
ORD0009522,995,CUS0000001
ORD0009523,4790,CUS0000001
ORD0009524,2921,CUS0000001
ORD0009525,1269,CUS0000006
ORD0009526,2303,CUS0000002
ORD0009527,1816,CUS0000001
ORD0009528,3360,CUS0000002
ORD0009529,2623,CUS0000004
ORD0009530,152,CUS0000001
ORD0009531,1479,CUS0000001
ORD0009532,4128,CUS0000002
ORD0009533,112,CUS0000005
ORD0009534,893,CUS0000001
ORD0009535,672,CUS0000001
ORD0009536,3522,CUS0000001
ORD0009537,4400,CUS0000001
ORD0009538,3514,CUS0000001
ORD0009539,2462,CUS0000001
ORD0009540,3630,CUS0000007
ORD0009541,1497,CUS0000001
ORD0009542,1545,CUS0000002
ORD0009543,3169,CUS0000002
ORD0009544,1626,CUS0000004
ORD0009545,1200,CUS0000001
ORD0009546,1722,CUS0000003
ORD0009547,4085,CUS0000001
ORD0009548,1590,CUS0000001
ORD0009549,4217,CUS0000001
ORD0009550,1003,CUS0000003
ORD0009551,3791,CUS0000001
ORD0009552,4745,CUS0000005
ORD0009553,1841,CUS0000005
ORD0009554,1620,CUS0000002
ORD0009555,1746,CUS0000002
ORD0009556,583,CUS0000001
ORD0009557,1596,CUS0000002
ORD0009558,1671,CUS0000002
ORD0009559,2224,CUS0000005
ORD0009560,3448,CUS0000008
ORD0009561,3710,CUS0000002
ORD0009562,994,CUS0000001
ORD0009563,1460,CUS0000004
ORD0009564,753,CUS0000007
ORD0009565,2501,CUS0000002
ORD0009566,802,CUS0000008
ORD0009567,3194,CUS0000001
ORD0009568,1121,CUS0000001
ORD0009569,2367,CUS0000001
ORD0009570,626,CUS0000001
ORD0009571,2902,CUS0000001
ORD0009572,343,CUS0000001
ORD0009573,4897,CUS0000001
ORD0009574,2023,CUS0000001
ORD0009575,4014,CUS0000002
ORD0009576,4074,CUS0000001
ORD0009577,925,CUS0000006
ORD0009578,177,CUS0000001
ORD0009579,600,CUS0000001
ORD0009580,2279,CUS0000004
ORD0009581,159,CUS0000001
ORD0009582,4871,CUS0000002
ORD0009583,442,CUS0000001
ORD0009584,893,CUS0000005
ORD0009585,1829,CUS0000001
ORD0009586,4378,CUS0000001
ORD0009587,159,CUS0000001
ORD0009588,3177,CUS0000001
ORD0009589,4360,CUS0000002
ORD0009590,2277,CUS0000001
ORD0009591,4080,CUS0000001
ORD0009592,3976,CUS0000001
ORD0009593,2860,CUS0000002
ORD0009594,3618,CUS0000002
ORD0009595,2857,CUS0000003
ORD0009596,3137,CUS0000004
ORD0009597,2910,CUS0000001
ORD0009598,2682,CUS0000004
ORD0009599,2062,CUS0000004
ORD0009600,3059,CUS0000001
ORD0009601,3364,CUS0000004
ORD0009602,3200,CUS0000010
ORD0009603,568,CUS0000002
ORD0009604,3016,CUS0000003
ORD0009605,2805,CUS0000006
ORD0009606,920,CUS0000002
ORD0009607,125,CUS0000001
ORD0009608,3843,CUS0000003
ORD0009609,3391,CUS0000008
ORD0009610,1237,CUS0000001
ORD0009611,310,CUS0000004
ORD0009612,1106,CUS0000001
ORD0009613,4446,CUS0000002
ORD0009614,2389,CUS0000001
ORD0009615,2136,CUS0000006
ORD0009616,3118,CUS0000001
ORD0009617,3802,CUS0000001
ORD0009618,3992,CUS0000010
ORD0009619,4318,CUS0000001
ORD0009620,3484,CUS0000005
ORD0009621,1639,CUS0000001
ORD0009622,125,CUS0000001
ORD0009623,2739,CUS0000004
ORD0009624,236,CUS0000004
ORD0009625,3050,CUS0000008
ORD0009626,474,CUS0000001
ORD0009627,2766,CUS0000004
ORD0009628,3739,CUS0000002
ORD0009629,2013,CUS0000001
ORD0009630,4069,CUS0000001
ORD0009631,3378,CUS0000001
ORD0009632,766,CUS0000003
ORD0009633,2953,CUS0000003
ORD0009634,3605,CUS0000003
ORD0009635,4000,CUS0000003
ORD0009636,922,CUS0000001
ORD0009637,3252,CUS0000001
ORD0009638,2507,CUS0000010
ORD0009639,1698,CUS0000002
ORD0009640,1272,CUS0000001
ORD0009641,4360,CUS0000001
ORD0009642,4784,CUS0000001
ORD0009643,4233,CUS0000001
ORD0009644,360,CUS0000010
ORD0009645,1147,CUS0000001
ORD0009646,4179,CUS0000005
ORD0009647,813,CUS0000001
ORD0009648,2568,CUS0000001
ORD0009649,4595,CUS0000001
ORD0009650,3924,CUS0000001
ORD0009651,1476,CUS0000001
ORD0009652,3755,CUS0000003
ORD0009653,1047,CUS0000002
ORD0009654,4049,CUS0000001
ORD0009655,4529,CUS0000001
ORD0009656,2073,CUS0000007
ORD0009657,2093,CUS0000001
ORD0009658,1833,CUS0000005
ORD0009659,1496,CUS0000001
ORD0009660,832,CUS0000001
ORD0009661,964,CUS0000002
ORD0009662,3662,CUS0000003
ORD0009663,339,CUS0000001
ORD0009664,1412,CUS0000006
ORD0009665,2774,CUS0000001
ORD0009666,3241,CUS0000001
ORD0009667,2396,CUS0000001
ORD0009668,1905,CUS0000001
ORD0009669,2210,CUS0000007
ORD0009670,4001,CUS0000001
ORD0009671,1108,CUS0000001
ORD0009672,1212,CUS0000002
ORD0009673,4478,CUS0000003
ORD0009674,4130,CUS0000004
ORD0009675,840,CUS0000001
ORD0009676,2826,CUS0000001
ORD0009677,1933,CUS0000001
ORD0009678,4818,CUS0000007
ORD0009679,629,CUS0000004
ORD0009680,2911,CUS0000001
ORD0009681,3188,CUS0000002
ORD0009682,3226,CUS0000001
ORD0009683,4703,CUS0000008
ORD0009684,3679,CUS0000004
ORD0009685,2011,CUS0000004
ORD0009686,1931,CUS0000004
ORD0009687,2222,CUS0000007
ORD0009688,1047,CUS0000001
ORD0009689,2483,CUS0000001
ORD0009690,818,CUS0000001
ORD0009691,1012,CUS0000001
ORD0009692,830,CUS0000004
ORD0009693,2887,CUS0000001
ORD0009694,4951,CUS0000005
ORD0009695,1641,CUS0000001
ORD0009696,1051,CUS0000004
ORD0009697,4792,CUS0000003
ORD0009698,3112,CUS0000006
ORD0009699,1143,CUS0000001
ORD0009700,2667,CUS0000006
ORD0009701,3214,CUS0000001
ORD0009702,4826,CUS0000004
ORD0009703,113,CUS0000001
ORD0009704,2646,CUS0000007
ORD0009705,606,CUS0000002
ORD0009706,4933,CUS0000003
ORD0009707,4487,CUS0000001
ORD0009708,1655,CUS0000001
ORD0009709,3279,CUS0000001
ORD0009710,3570,CUS0000004
ORD0009711,2718,CUS0000002
ORD0009712,3090,CUS0000005
ORD0009713,1134,CUS0000007
ORD0009714,4357,CUS0000001
ORD0009715,4939,CUS0000001
ORD0009716,1919,CUS0000002
ORD0009717,973,CUS0000002
ORD0009718,3338,CUS0000007
ORD0009719,175,CUS0000001
ORD0009720,4509,CUS0000002
ORD0009721,3873,CUS0000002
ORD0009722,2688,CUS0000001
ORD0009723,1285,CUS0000005
ORD0009724,2531,CUS0000001
ORD0009725,1893,CUS0000001
ORD0009726,4194,CUS0000002
ORD0009727,3833,CUS0000004
ORD0009728,1307,CUS0000002
ORD0009729,2421,CUS0000003
ORD0009730,1294,CUS0000001
ORD0009731,381,CUS0000003
ORD0009732,2722,CUS0000001
ORD0009733,2630,CUS0000001
ORD0009734,4215,CUS0000002
ORD0009735,1111,CUS0000003
ORD0009736,2340,CUS0000008
ORD0009737,4801,CUS0000001
ORD0009738,4018,CUS0000002
ORD0009739,1867,CUS0000001
ORD0009740,4155,CUS0000003
ORD0009741,2487,CUS0000001
ORD0009742,3185,CUS0000001
ORD0009743,581,CUS0000001
ORD0009744,2829,CUS0000001
ORD0009745,1350,CUS0000001
ORD0009746,1825,CUS0000002
ORD0009747,1943,CUS0000009
ORD0009748,530,CUS0000001
ORD0009749,1566,CUS0000003
ORD0009750,4093,CUS0000009
ORD0009751,3309,CUS0000002
ORD0009752,2550,CUS0000004
ORD0009753,1404,CUS0000003
ORD0009754,276,CUS0000001
ORD0009755,4588,CUS0000006
ORD0009756,3313,CUS0000009
ORD0009757,2864,CUS0000001
ORD0009758,3560,CUS0000005
ORD0009759,3978,CUS0000005
ORD0009760,2953,CUS0000001
ORD0009761,3306,CUS0000003
ORD0009762,3303,CUS0000004
ORD0009763,688,CUS0000007
ORD0009764,4424,CUS0000002
ORD0009765,2418,CUS0000001
ORD0009766,2413,CUS0000002
ORD0009767,1698,CUS0000002
ORD0009768,4589,CUS0000001
ORD0009769,3325,CUS0000001
ORD0009770,897,CUS0000002
ORD0009771,1172,CUS0000003
ORD0009772,2749,CUS0000006
ORD0009773,4854,CUS0000001
ORD0009774,543,CUS0000001
ORD0009775,2590,CUS0000001
ORD0009776,3848,CUS0000006
ORD0009777,1440,CUS0000008
ORD0009778,4828,CUS0000003
ORD0009779,1226,CUS0000001
ORD0009780,3719,CUS0000002
ORD0009781,4052,CUS0000001
ORD0009782,2484,CUS0000001
ORD0009783,1286,CUS0000005
ORD0009784,1818,CUS0000001
ORD0009785,1886,CUS0000001
ORD0009786,1702,CUS0000001
ORD0009787,174,CUS0000003
ORD0009788,3067,CUS0000003
ORD0009789,4815,CUS0000001
ORD0009790,935,CUS0000005
ORD0009791,1309,CUS0000001
ORD0009792,3184,CUS0000008
ORD0009793,3598,CUS0000006
ORD0009794,1478,CUS0000003
ORD0009795,561,CUS0000001
ORD0009796,886,CUS0000002
ORD0009797,3012,CUS0000001
ORD0009798,3981,CUS0000009
ORD0009799,1571,CUS0000001
ORD0009800,529,CUS0000001
ORD0009801,1061,CUS0000006
ORD0009802,4322,CUS0000001
ORD0009803,2872,CUS0000002
ORD0009804,4961,CUS0000002
ORD0009805,3653,CUS0000002
ORD0009806,1317,CUS0000002
ORD0009807,3409,CUS0000001
ORD0009808,2107,CUS0000001
ORD0009809,378,CUS0000001
ORD0009810,1073,CUS0000001
ORD0009811,2073,CUS0000005
ORD0009812,3349,CUS0000002
ORD0009813,4102,CUS0000001
ORD0009814,2579,CUS0000002
ORD0009815,4983,CUS0000001
ORD0009816,1513,CUS0000002
ORD0009817,3175,CUS0000005
ORD0009818,834,CUS0000001
ORD0009819,3898,CUS0000003
ORD0009820,3230,CUS0000001
ORD0009821,2354,CUS0000002
ORD0009822,3746,CUS0000006
ORD0009823,3109,CUS0000001
ORD0009824,195,CUS0000002
ORD0009825,1083,CUS0000001
ORD0009826,1055,CUS0000008
ORD0009827,776,CUS0000002
ORD0009828,1099,CUS0000001
ORD0009829,4107,CUS0000001
ORD0009830,4275,CUS0000001
ORD0009831,1942,CUS0000007
ORD0009832,288,CUS0000001
ORD0009833,4907,CUS0000004
ORD0009834,4793,CUS0000001
ORD0009835,4790,CUS0000001
ORD0009836,4028,CUS0000001
ORD0009837,2342,CUS0000001
ORD0009838,874,CUS0000006
ORD0009839,4956,CUS0000001
ORD0009840,1583,CUS0000001
ORD0009841,3245,CUS0000004
ORD0009842,4066,CUS0000001
ORD0009843,3652,CUS0000002
ORD0009844,2544,CUS0000002
ORD0009845,4781,CUS0000007
ORD0009846,1125,CUS0000001
ORD0009847,914,CUS0000001
ORD0009848,2764,CUS0000001
ORD0009849,620,CUS0000007
ORD0009850,4503,CUS0000008
ORD0009851,1614,CUS0000003
ORD0009852,3420,CUS0000001
ORD0009853,261,CUS0000001
ORD0009854,3325,CUS0000001
ORD0009855,4655,CUS0000003
ORD0009856,4494,CUS0000003
ORD0009857,4442,CUS0000001
ORD0009858,4102,CUS0000001
ORD0009859,623,CUS0000001
ORD0009860,4350,CUS0000003
ORD0009861,4890,CUS0000001
ORD0009862,4515,CUS0000001
ORD0009863,1116,CUS0000004
ORD0009864,1799,CUS0000003
ORD0009865,1061,CUS0000002
ORD0009866,1580,CUS0000008
ORD0009867,1574,CUS0000001
ORD0009868,143,CUS0000001
ORD0009869,4644,CUS0000001
ORD0009870,3763,CUS0000001
ORD0009871,2674,CUS0000002
ORD0009872,1107,CUS0000002
ORD0009873,420,CUS0000002
ORD0009874,1155,CUS0000001
ORD0009875,4811,CUS0000001
ORD0009876,1789,CUS0000001
ORD0009877,1420,CUS0000002
ORD0009878,819,CUS0000003
ORD0009879,4707,CUS0000001
ORD0009880,2203,CUS0000001
ORD0009881,386,CUS0000002
ORD0009882,793,CUS0000005
ORD0009883,1121,CUS0000003
ORD0009884,4246,CUS0000001
ORD0009885,2545,CUS0000004
ORD0009886,3078,CUS0000001
ORD0009887,4559,CUS0000005
ORD0009888,1505,CUS0000001
ORD0009889,3565,CUS0000004
ORD0009890,100,CUS0000004
ORD0009891,2134,CUS0000001
ORD0009892,2562,CUS0000001
ORD0009893,478,CUS0000002
ORD0009894,4355,CUS0000006
ORD0009895,2503,CUS0000003
ORD0009896,4475,CUS0000002
ORD0009897,3744,CUS0000005
ORD0009898,1245,CUS0000002
ORD0009899,4827,CUS0000002
ORD0009900,4117,CUS0000010
ORD0009901,2663,CUS0000001
ORD0009902,4381,CUS0000001
ORD0009903,2984,CUS0000003
ORD0009904,4509,CUS0000001
ORD0009905,4282,CUS0000001
ORD0009906,1819,CUS0000002
ORD0009907,911,CUS0000001
ORD0009908,466,CUS0000001
ORD0009909,2042,CUS0000001
ORD0009910,400,CUS0000001
ORD0009911,1640,CUS0000004
ORD0009912,1260,CUS0000001
ORD0009913,2555,CUS0000004
ORD0009914,1863,CUS0000001
ORD0009915,1199,CUS0000007
ORD0009916,4622,CUS0000006
ORD0009917,1869,CUS0000001
ORD0009918,4947,CUS0000002
ORD0009919,3041,CUS0000001
ORD0009920,2372,CUS0000004
ORD0009921,1152,CUS0000002
ORD0009922,3557,CUS0000004
ORD0009923,709,CUS0000008
ORD0009924,4604,CUS0000002
ORD0009925,2188,CUS0000001
ORD0009926,2235,CUS0000005
ORD0009927,3227,CUS0000003
ORD0009928,1437,CUS0000004
ORD0009929,3377,CUS0000001
ORD0009930,3836,CUS0000001
ORD0009931,782,CUS0000001
ORD0009932,2182,CUS0000001
ORD0009933,3584,CUS0000001
ORD0009934,1273,CUS0000002
ORD0009935,4490,CUS0000003
ORD0009936,1769,CUS0000001
ORD0009937,678,CUS0000001
ORD0009938,2306,CUS0000001
ORD0009939,1678,CUS0000001
ORD0009940,3148,CUS0000001
ORD0009941,4717,CUS0000001
ORD0009942,4289,CUS0000001
ORD0009943,1443,CUS0000002
ORD0009944,3538,CUS0000002
ORD0009945,1357,CUS0000004
ORD0009946,2691,CUS0000001
ORD0009947,3652,CUS0000003
ORD0009948,3204,CUS0000007
ORD0009949,312,CUS0000007
ORD0009950,2127,CUS0000002
ORD0009951,735,CUS0000005
ORD0009952,2312,CUS0000005
ORD0009953,1120,CUS0000001
ORD0009954,4453,CUS0000005
ORD0009955,1001,CUS0000001
ORD0009956,4592,CUS0000004
ORD0009957,3432,CUS0000001
ORD0009958,640,CUS0000002
ORD0009959,2798,CUS0000009
ORD0009960,828,CUS0000001
ORD0009961,3072,CUS0000003
ORD0009962,2832,CUS0000001
ORD0009963,2338,CUS0000001
ORD0009964,1298,CUS0000003
ORD0009965,1949,CUS0000001
ORD0009966,2341,CUS0000002
ORD0009967,180,CUS0000001
ORD0009968,902,CUS0000005
ORD0009969,3189,CUS0000001
ORD0009970,1920,CUS0000001
ORD0009971,3201,CUS0000003
ORD0009972,960,CUS0000001
ORD0009973,1111,CUS0000001
ORD0009974,1539,CUS0000001
ORD0009975,4412,CUS0000007
ORD0009976,2611,CUS0000003
ORD0009977,4923,CUS0000002
ORD0009978,4110,CUS0000001
ORD0009979,882,CUS0000001
ORD0009980,4433,CUS0000005
ORD0009981,2958,CUS0000001
ORD0009982,4787,CUS0000002
ORD0009983,2410,CUS0000001
ORD0009984,4618,CUS0000001
ORD0009985,2320,CUS0000001
ORD0009986,911,CUS0000002
ORD0009987,492,CUS0000001
ORD0009988,1498,CUS0000003
ORD0009989,2705,CUS0000007
ORD0009990,3291,CUS0000002
ORD0009991,1580,CUS0000001
ORD0009992,2927,CUS0000001
ORD0009993,4455,CUS0000004
ORD0009994,4619,CUS0000001
ORD0009995,4971,CUS0000004
ORD0009996,3398,CUS0000003
ORD0009997,4006,CUS0000001
ORD0009998,4952,CUS0000001
ORD0009999,1145,CUS0000002
ORD0010000,2222,CUS0000001
